0.jpg,0
1.jpg,0
2.jpg,0
3.jpg,0
4.jpg,25
5.jpg,0
6.jpg,0
7.jpg,0
8.jpg,6
9.jpg,0
10.jpg,2
11.jpg,12
12.jpg,0
13.jpg,0
14.jpg,0
15.jpg,6
16.jpg,6
17.jpg,5
18.jpg,6
19.jpg,0
20.jpg,0
21.jpg,0
22.jpg,0
23.jpg,6
24.jpg,6
25.jpg,0
26.jpg,11
27.jpg,2
28.jpg,0
29.jpg,0
30.jpg,0
31.jpg,6
32.jpg,0
33.jpg,0
34.jpg,3
35.jpg,2
36.jpg,0
37.jpg,0
38.jpg,22
39.jpg,0
40.jpg,0
41.jpg,0
42.jpg,2
43.jpg,0
44.jpg,0
45.jpg,6
46.jpg,0
47.jpg,0
48.jpg,0
49.jpg,0
50.jpg,0
51.jpg,0
52.jpg,6
53.jpg,0
54.jpg,0
55.jpg,7
56.jpg,8
57.jpg,11
58.jpg,12
59.jpg,6
60.jpg,0
61.jpg,1
62.jpg,2
63.jpg,0
64.jpg,0
65.jpg,0
66.jpg,0
67.jpg,0
68.jpg,6
69.jpg,0
70.jpg,0
71.jpg,0
72.jpg,3
73.jpg,2
74.jpg,0
75.jpg,6
76.jpg,1
77.jpg,8
78.jpg,0
79.jpg,10
80.jpg,0
81.jpg,6
82.jpg,0
83.jpg,6
84.jpg,1
85.jpg,0
86.jpg,0
87.jpg,23
88.jpg,2
89.jpg,2
90.jpg,6
91.jpg,0
92.jpg,24
93.jpg,10
94.jpg,0
95.jpg,1
96.jpg,0
97.jpg,2
98.jpg,0
99.jpg,0
100.jpg,7
101.jpg,6
102.jpg,0
103.jpg,0
104.jpg,0
105.jpg,2
106.jpg,12
107.jpg,12
108.jpg,1
109.jpg,0
110.jpg,29
111.jpg,0
112.jpg,0
113.jpg,1
114.jpg,5
115.jpg,0
116.jpg,0
117.jpg,0
118.jpg,0
119.jpg,0
120.jpg,0
121.jpg,2
122.jpg,0
123.jpg,7
124.jpg,0
125.jpg,0
126.jpg,2
127.jpg,1
128.jpg,1
129.jpg,1
130.jpg,1
131.jpg,1
132.jpg,1
133.jpg,1
134.jpg,1
135.jpg,1
136.jpg,1
137.jpg,1
138.jpg,6
139.jpg,1
140.jpg,1
141.jpg,1
142.jpg,1
143.jpg,1
144.jpg,1
145.jpg,1
146.jpg,1
147.jpg,1
148.jpg,24
149.jpg,1
150.jpg,1
151.jpg,24
152.jpg,1
153.jpg,1
154.jpg,1
155.jpg,20
156.jpg,1
157.jpg,0
158.jpg,1
159.jpg,1
160.jpg,1
161.jpg,22
162.jpg,1
163.jpg,1
164.jpg,1
165.jpg,24
166.jpg,27
167.jpg,1
168.jpg,1
169.jpg,1
170.jpg,1
171.jpg,7
172.jpg,6
173.jpg,1
174.jpg,1
175.jpg,1
176.jpg,0
177.jpg,1
178.jpg,1
179.jpg,1
180.jpg,1
181.jpg,22
182.jpg,1
183.jpg,1
184.jpg,1
185.jpg,8
186.jpg,1
187.jpg,18
188.jpg,1
189.jpg,24
190.jpg,1
191.jpg,1
192.jpg,15
193.jpg,1
194.jpg,1
195.jpg,24
196.jpg,27
197.jpg,1
198.jpg,1
199.jpg,7
200.jpg,22
201.jpg,1
202.jpg,1
203.jpg,1
204.jpg,1
205.jpg,1
206.jpg,1
207.jpg,1
208.jpg,1
209.jpg,27
210.jpg,1
211.jpg,1
212.jpg,1
213.jpg,1
214.jpg,27
215.jpg,1
216.jpg,1
217.jpg,1
218.jpg,1
219.jpg,2
220.jpg,1
221.jpg,1
222.jpg,1
223.jpg,1
224.jpg,6
225.jpg,1
226.jpg,29
227.jpg,20
228.jpg,20
229.jpg,1
230.jpg,1
231.jpg,1
232.jpg,1
233.jpg,1
234.jpg,1
235.jpg,3
236.jpg,1
237.jpg,1
238.jpg,1
239.jpg,1
240.jpg,1
241.jpg,1
242.jpg,22
243.jpg,1
244.jpg,22
245.jpg,1
246.jpg,11
247.jpg,1
248.jpg,1
249.jpg,1
250.jpg,2
251.jpg,25
252.jpg,5
253.jpg,6
254.jpg,1
255.jpg,5
256.jpg,1
257.jpg,22
258.jpg,1
259.jpg,1
260.jpg,0
261.jpg,24
262.jpg,1
263.jpg,1
264.jpg,1
265.jpg,25
266.jpg,1
267.jpg,1
268.jpg,1
269.jpg,1
270.jpg,1
271.jpg,1
272.jpg,2
273.jpg,2
274.jpg,2
275.jpg,2
276.jpg,2
277.jpg,20
278.jpg,2
279.jpg,2
280.jpg,24
281.jpg,2
282.jpg,2
283.jpg,2
284.jpg,2
285.jpg,2
286.jpg,2
287.jpg,2
288.jpg,2
289.jpg,2
290.jpg,2
291.jpg,2
292.jpg,2
293.jpg,2
294.jpg,2
295.jpg,2
296.jpg,8
297.jpg,2
298.jpg,2
299.jpg,2
300.jpg,2
301.jpg,2
302.jpg,2
303.jpg,2
304.jpg,2
305.jpg,3
306.jpg,2
307.jpg,2
308.jpg,2
309.jpg,2
310.jpg,2
311.jpg,2
312.jpg,2
313.jpg,2
314.jpg,8
315.jpg,2
316.jpg,2
317.jpg,2
318.jpg,2
319.jpg,2
320.jpg,2
321.jpg,2
322.jpg,2
323.jpg,2
324.jpg,2
325.jpg,2
326.jpg,2
327.jpg,2
328.jpg,2
329.jpg,2
330.jpg,2
331.jpg,2
332.jpg,2
333.jpg,2
334.jpg,2
335.jpg,2
336.jpg,2
337.jpg,2
338.jpg,2
339.jpg,2
340.jpg,13
341.jpg,2
342.jpg,12
343.jpg,2
344.jpg,2
345.jpg,8
346.jpg,2
347.jpg,2
348.jpg,2
349.jpg,2
350.jpg,2
351.jpg,2
352.jpg,8
353.jpg,2
354.jpg,13
355.jpg,2
356.jpg,2
357.jpg,29
358.jpg,2
359.jpg,22
360.jpg,2
361.jpg,25
362.jpg,25
363.jpg,2
364.jpg,22
365.jpg,2
366.jpg,2
367.jpg,2
368.jpg,2
369.jpg,2
370.jpg,2
371.jpg,2
372.jpg,2
373.jpg,2
374.jpg,11
375.jpg,2
376.jpg,13
377.jpg,2
378.jpg,2
379.jpg,2
380.jpg,0
381.jpg,2
382.jpg,11
383.jpg,2
384.jpg,2
385.jpg,2
386.jpg,2
387.jpg,2
388.jpg,7
389.jpg,2
390.jpg,11
391.jpg,2
392.jpg,3
393.jpg,2
394.jpg,2
395.jpg,2
396.jpg,2
397.jpg,2
398.jpg,2
399.jpg,2
400.jpg,2
401.jpg,2
402.jpg,2
403.jpg,5
404.jpg,2
405.jpg,2
406.jpg,2
407.jpg,2
408.jpg,11
409.jpg,2
410.jpg,13
411.jpg,2
412.jpg,2
413.jpg,2
414.jpg,2
415.jpg,2
416.jpg,2
417.jpg,2
418.jpg,2
419.jpg,6
420.jpg,2
421.jpg,3
422.jpg,3
423.jpg,3
424.jpg,3
425.jpg,3
426.jpg,28
427.jpg,3
428.jpg,3
429.jpg,3
430.jpg,3
431.jpg,6
432.jpg,3
433.jpg,22
434.jpg,3
435.jpg,3
436.jpg,20
437.jpg,3
438.jpg,3
439.jpg,3
440.jpg,17
441.jpg,3
442.jpg,25
443.jpg,3
444.jpg,28
445.jpg,25
446.jpg,20
447.jpg,25
448.jpg,3
449.jpg,3
450.jpg,3
451.jpg,3
452.jpg,3
453.jpg,3
454.jpg,3
455.jpg,22
456.jpg,16
457.jpg,3
458.jpg,6
459.jpg,20
460.jpg,3
461.jpg,3
462.jpg,3
463.jpg,25
464.jpg,3
465.jpg,3
466.jpg,25
467.jpg,3
468.jpg,3
469.jpg,3
470.jpg,3
471.jpg,25
472.jpg,25
473.jpg,3
474.jpg,20
475.jpg,20
476.jpg,3
477.jpg,3
478.jpg,20
479.jpg,20
480.jpg,3
481.jpg,3
482.jpg,25
483.jpg,3
484.jpg,25
485.jpg,3
486.jpg,19
487.jpg,3
488.jpg,25
489.jpg,3
490.jpg,3
491.jpg,3
492.jpg,3
493.jpg,28
494.jpg,3
495.jpg,3
496.jpg,3
497.jpg,3
498.jpg,25
499.jpg,3
500.jpg,3
501.jpg,25
502.jpg,3
503.jpg,28
504.jpg,3
505.jpg,3
506.jpg,14
507.jpg,3
508.jpg,3
509.jpg,25
510.jpg,3
511.jpg,3
512.jpg,3
513.jpg,3
514.jpg,3
515.jpg,17
516.jpg,14
517.jpg,3
518.jpg,3
519.jpg,3
520.jpg,20
521.jpg,6
522.jpg,17
523.jpg,14
524.jpg,3
525.jpg,28
526.jpg,20
527.jpg,3
528.jpg,25
529.jpg,3
530.jpg,20
531.jpg,16
532.jpg,3
533.jpg,28
534.jpg,3
535.jpg,20
536.jpg,25
537.jpg,3
538.jpg,25
539.jpg,25
540.jpg,25
541.jpg,3
542.jpg,14
543.jpg,5
544.jpg,3
545.jpg,1
546.jpg,3
547.jpg,20
548.jpg,3
549.jpg,17
550.jpg,3
551.jpg,3
552.jpg,6
553.jpg,3
554.jpg,20
555.jpg,3
556.jpg,28
557.jpg,3
558.jpg,26
559.jpg,3
560.jpg,3
561.jpg,19
562.jpg,3
563.jpg,3
564.jpg,3
565.jpg,3
566.jpg,14
567.jpg,3
568.jpg,16
569.jpg,3
570.jpg,14
571.jpg,25
572.jpg,25
573.jpg,25
574.jpg,3
575.jpg,25
576.jpg,3
577.jpg,3
578.jpg,3
579.jpg,5
580.jpg,3
581.jpg,3
582.jpg,8
583.jpg,3
584.jpg,3
585.jpg,25
586.jpg,17
587.jpg,3
588.jpg,17
589.jpg,22
590.jpg,20
591.jpg,3
592.jpg,22
593.jpg,3
594.jpg,3
595.jpg,24
596.jpg,3
597.jpg,28
598.jpg,3
599.jpg,20
600.jpg,14
601.jpg,16
602.jpg,3
603.jpg,26
604.jpg,22
605.jpg,28
606.jpg,3
607.jpg,3
608.jpg,3
609.jpg,3
610.jpg,3
611.jpg,3
612.jpg,3
613.jpg,22
614.jpg,4
615.jpg,4
616.jpg,4
617.jpg,11
618.jpg,4
619.jpg,4
620.jpg,4
621.jpg,4
622.jpg,4
623.jpg,4
624.jpg,4
625.jpg,4
626.jpg,4
627.jpg,4
628.jpg,4
629.jpg,4
630.jpg,4
631.jpg,4
632.jpg,4
633.jpg,4
634.jpg,4
635.jpg,4
636.jpg,4
637.jpg,11
638.jpg,4
639.jpg,4
640.jpg,27
641.jpg,4
642.jpg,4
643.jpg,4
644.jpg,4
645.jpg,4
646.jpg,4
647.jpg,4
648.jpg,11
649.jpg,4
650.jpg,11
651.jpg,4
652.jpg,4
653.jpg,24
654.jpg,4
655.jpg,4
656.jpg,4
657.jpg,11
658.jpg,4
659.jpg,4
660.jpg,11
661.jpg,4
662.jpg,11
663.jpg,4
664.jpg,4
665.jpg,4
666.jpg,4
667.jpg,4
668.jpg,4
669.jpg,11
670.jpg,12
671.jpg,27
672.jpg,4
673.jpg,4
674.jpg,20
675.jpg,4
676.jpg,4
677.jpg,4
678.jpg,4
679.jpg,4
680.jpg,11
681.jpg,4
682.jpg,4
683.jpg,4
684.jpg,4
685.jpg,4
686.jpg,4
687.jpg,4
688.jpg,4
689.jpg,27
690.jpg,4
691.jpg,4
692.jpg,4
693.jpg,4
694.jpg,4
695.jpg,4
696.jpg,4
697.jpg,4
698.jpg,4
699.jpg,4
700.jpg,4
701.jpg,4
702.jpg,4
703.jpg,4
704.jpg,11
705.jpg,4
706.jpg,4
707.jpg,4
708.jpg,4
709.jpg,4
710.jpg,4
711.jpg,27
712.jpg,4
713.jpg,4
714.jpg,4
715.jpg,4
716.jpg,5
717.jpg,5
718.jpg,22
719.jpg,5
720.jpg,15
721.jpg,5
722.jpg,5
723.jpg,5
724.jpg,5
725.jpg,13
726.jpg,2
727.jpg,22
728.jpg,5
729.jpg,5
730.jpg,5
731.jpg,5
732.jpg,5
733.jpg,3
734.jpg,5
735.jpg,5
736.jpg,24
737.jpg,5
738.jpg,5
739.jpg,5
740.jpg,5
741.jpg,5
742.jpg,5
743.jpg,5
744.jpg,5
745.jpg,5
746.jpg,5
747.jpg,5
748.jpg,5
749.jpg,6
750.jpg,5
751.jpg,12
752.jpg,5
753.jpg,5
754.jpg,14
755.jpg,13
756.jpg,5
757.jpg,5
758.jpg,5
759.jpg,3
760.jpg,5
761.jpg,5
762.jpg,5
763.jpg,5
764.jpg,7
765.jpg,5
766.jpg,5
767.jpg,5
768.jpg,5
769.jpg,29
770.jpg,5
771.jpg,24
772.jpg,24
773.jpg,5
774.jpg,5
775.jpg,5
776.jpg,6
777.jpg,5
778.jpg,22
779.jpg,3
780.jpg,1
781.jpg,5
782.jpg,5
783.jpg,5
784.jpg,5
785.jpg,5
786.jpg,5
787.jpg,24
788.jpg,13
789.jpg,5
790.jpg,24
791.jpg,6
792.jpg,5
793.jpg,5
794.jpg,5
795.jpg,5
796.jpg,5
797.jpg,5
798.jpg,5
799.jpg,5
800.jpg,5
801.jpg,5
802.jpg,5
803.jpg,5
804.jpg,5
805.jpg,24
806.jpg,5
807.jpg,5
808.jpg,5
809.jpg,5
810.jpg,5
811.jpg,5
812.jpg,26
813.jpg,5
814.jpg,5
815.jpg,5
816.jpg,5
817.jpg,5
818.jpg,4
819.jpg,5
820.jpg,5
821.jpg,5
822.jpg,5
823.jpg,5
824.jpg,7
825.jpg,5
826.jpg,5
827.jpg,5
828.jpg,8
829.jpg,24
830.jpg,24
831.jpg,5
832.jpg,7
833.jpg,5
834.jpg,5
835.jpg,5
836.jpg,27
837.jpg,5
838.jpg,5
839.jpg,5
840.jpg,5
841.jpg,5
842.jpg,5
843.jpg,7
844.jpg,15
845.jpg,5
846.jpg,5
847.jpg,5
848.jpg,5
849.jpg,5
850.jpg,6
851.jpg,5
852.jpg,5
853.jpg,5
854.jpg,27
855.jpg,5
856.jpg,5
857.jpg,27
858.jpg,1
859.jpg,5
860.jpg,5
861.jpg,5
862.jpg,5
863.jpg,5
864.jpg,5
865.jpg,5
866.jpg,5
867.jpg,24
868.jpg,5
869.jpg,5
870.jpg,12
871.jpg,5
872.jpg,5
873.jpg,7
874.jpg,5
875.jpg,23
876.jpg,5
877.jpg,5
878.jpg,5
879.jpg,5
880.jpg,5
881.jpg,5
882.jpg,5
883.jpg,5
884.jpg,5
885.jpg,5
886.jpg,5
887.jpg,0
888.jpg,5
889.jpg,6
890.jpg,5
891.jpg,5
892.jpg,5
893.jpg,24
894.jpg,5
895.jpg,5
896.jpg,5
897.jpg,5
898.jpg,8
899.jpg,5
900.jpg,5
901.jpg,5
902.jpg,15
903.jpg,5
904.jpg,5
905.jpg,27
906.jpg,5
907.jpg,5
908.jpg,5
909.jpg,24
910.jpg,5
911.jpg,5
912.jpg,5
913.jpg,5
914.jpg,5
915.jpg,5
916.jpg,5
917.jpg,1
918.jpg,5
919.jpg,5
920.jpg,5
921.jpg,10
922.jpg,5
923.jpg,5
924.jpg,5
925.jpg,6
926.jpg,5
927.jpg,5
928.jpg,13
929.jpg,12
930.jpg,24
931.jpg,5
932.jpg,5
933.jpg,5
934.jpg,18
935.jpg,5
936.jpg,5
937.jpg,5
938.jpg,7
939.jpg,5
940.jpg,2
941.jpg,5
942.jpg,5
943.jpg,5
944.jpg,6
945.jpg,6
946.jpg,6
947.jpg,6
948.jpg,6
949.jpg,22
950.jpg,6
951.jpg,1
952.jpg,6
953.jpg,27
954.jpg,6
955.jpg,6
956.jpg,6
957.jpg,1
958.jpg,6
959.jpg,6
960.jpg,12
961.jpg,6
962.jpg,6
963.jpg,5
964.jpg,1
965.jpg,6
966.jpg,6
967.jpg,17
968.jpg,6
969.jpg,6
970.jpg,1
971.jpg,7
972.jpg,6
973.jpg,5
974.jpg,5
975.jpg,5
976.jpg,6
977.jpg,7
978.jpg,13
979.jpg,6
980.jpg,5
981.jpg,7
982.jpg,7
983.jpg,6
984.jpg,6
985.jpg,5
986.jpg,6
987.jpg,6
988.jpg,27
989.jpg,12
990.jpg,24
991.jpg,6
992.jpg,6
993.jpg,12
994.jpg,20
995.jpg,6
996.jpg,6
997.jpg,29
998.jpg,6
999.jpg,6
1000.jpg,6
1001.jpg,0
1002.jpg,6
1003.jpg,6
1004.jpg,18
1005.jpg,6
1006.jpg,29
1007.jpg,6
1008.jpg,25
1009.jpg,6
1010.jpg,6
1011.jpg,6
1012.jpg,2
1013.jpg,6
1014.jpg,6
1015.jpg,5
1016.jpg,12
1017.jpg,6
1018.jpg,6
1019.jpg,6
1020.jpg,22
1021.jpg,6
1022.jpg,6
1023.jpg,6
1024.jpg,27
1025.jpg,6
1026.jpg,6
1027.jpg,22
1028.jpg,15
1029.jpg,6
1030.jpg,6
1031.jpg,6
1032.jpg,22
1033.jpg,22
1034.jpg,6
1035.jpg,6
1036.jpg,0
1037.jpg,5
1038.jpg,6
1039.jpg,6
1040.jpg,6
1041.jpg,6
1042.jpg,24
1043.jpg,6
1044.jpg,7
1045.jpg,12
1046.jpg,6
1047.jpg,6
1048.jpg,6
1049.jpg,6
1050.jpg,6
1051.jpg,22
1052.jpg,18
1053.jpg,5
1054.jpg,6
1055.jpg,6
1056.jpg,6
1057.jpg,6
1058.jpg,6
1059.jpg,0
1060.jpg,25
1061.jpg,6
1062.jpg,27
1063.jpg,6
1064.jpg,27
1065.jpg,6
1066.jpg,12
1067.jpg,1
1068.jpg,28
1069.jpg,6
1070.jpg,29
1071.jpg,24
1072.jpg,6
1073.jpg,6
1074.jpg,6
1075.jpg,6
1076.jpg,6
1077.jpg,7
1078.jpg,7
1079.jpg,7
1080.jpg,7
1081.jpg,7
1082.jpg,7
1083.jpg,7
1084.jpg,7
1085.jpg,9
1086.jpg,7
1087.jpg,7
1088.jpg,7
1089.jpg,7
1090.jpg,7
1091.jpg,7
1092.jpg,7
1093.jpg,7
1094.jpg,7
1095.jpg,6
1096.jpg,7
1097.jpg,7
1098.jpg,7
1099.jpg,6
1100.jpg,7
1101.jpg,7
1102.jpg,7
1103.jpg,7
1104.jpg,7
1105.jpg,7
1106.jpg,29
1107.jpg,7
1108.jpg,7
1109.jpg,6
1110.jpg,7
1111.jpg,7
1112.jpg,7
1113.jpg,7
1114.jpg,11
1115.jpg,7
1116.jpg,7
1117.jpg,7
1118.jpg,7
1119.jpg,7
1120.jpg,7
1121.jpg,24
1122.jpg,7
1123.jpg,6
1124.jpg,5
1125.jpg,7
1126.jpg,15
1127.jpg,12
1128.jpg,7
1129.jpg,27
1130.jpg,7
1131.jpg,19
1132.jpg,7
1133.jpg,7
1134.jpg,7
1135.jpg,7
1136.jpg,7
1137.jpg,7
1138.jpg,7
1139.jpg,7
1140.jpg,7
1141.jpg,15
1142.jpg,7
1143.jpg,7
1144.jpg,4
1145.jpg,7
1146.jpg,6
1147.jpg,7
1148.jpg,7
1149.jpg,7
1150.jpg,7
1151.jpg,7
1152.jpg,7
1153.jpg,7
1154.jpg,7
1155.jpg,7
1156.jpg,7
1157.jpg,7
1158.jpg,7
1159.jpg,7
1160.jpg,7
1161.jpg,12
1162.jpg,7
1163.jpg,7
1164.jpg,7
1165.jpg,7
1166.jpg,7
1167.jpg,24
1168.jpg,7
1169.jpg,7
1170.jpg,6
1171.jpg,7
1172.jpg,7
1173.jpg,7
1174.jpg,5
1175.jpg,7
1176.jpg,7
1177.jpg,4
1178.jpg,7
1179.jpg,7
1180.jpg,7
1181.jpg,7
1182.jpg,7
1183.jpg,7
1184.jpg,7
1185.jpg,12
1186.jpg,7
1187.jpg,7
1188.jpg,6
1189.jpg,7
1190.jpg,7
1191.jpg,7
1192.jpg,29
1193.jpg,7
1194.jpg,7
1195.jpg,7
1196.jpg,21
1197.jpg,7
1198.jpg,7
1199.jpg,7
1200.jpg,7
1201.jpg,7
1202.jpg,7
1203.jpg,7
1204.jpg,7
1205.jpg,7
1206.jpg,8
1207.jpg,8
1208.jpg,8
1209.jpg,8
1210.jpg,8
1211.jpg,2
1212.jpg,2
1213.jpg,11
1214.jpg,8
1215.jpg,8
1216.jpg,8
1217.jpg,8
1218.jpg,8
1219.jpg,2
1220.jpg,8
1221.jpg,8
1222.jpg,8
1223.jpg,8
1224.jpg,8
1225.jpg,8
1226.jpg,8
1227.jpg,8
1228.jpg,8
1229.jpg,8
1230.jpg,8
1231.jpg,2
1232.jpg,8
1233.jpg,8
1234.jpg,8
1235.jpg,8
1236.jpg,8
1237.jpg,8
1238.jpg,8
1239.jpg,8
1240.jpg,8
1241.jpg,8
1242.jpg,8
1243.jpg,8
1244.jpg,11
1245.jpg,8
1246.jpg,8
1247.jpg,8
1248.jpg,2
1249.jpg,8
1250.jpg,2
1251.jpg,8
1252.jpg,8
1253.jpg,8
1254.jpg,8
1255.jpg,8
1256.jpg,8
1257.jpg,2
1258.jpg,8
1259.jpg,8
1260.jpg,8
1261.jpg,13
1262.jpg,8
1263.jpg,8
1264.jpg,12
1265.jpg,8
1266.jpg,8
1267.jpg,10
1268.jpg,8
1269.jpg,8
1270.jpg,8
1271.jpg,8
1272.jpg,8
1273.jpg,8
1274.jpg,8
1275.jpg,1
1276.jpg,8
1277.jpg,8
1278.jpg,8
1279.jpg,8
1280.jpg,8
1281.jpg,8
1282.jpg,15
1283.jpg,8
1284.jpg,2
1285.jpg,8
1286.jpg,8
1287.jpg,8
1288.jpg,8
1289.jpg,8
1290.jpg,8
1291.jpg,13
1292.jpg,8
1293.jpg,8
1294.jpg,8
1295.jpg,8
1296.jpg,8
1297.jpg,2
1298.jpg,8
1299.jpg,13
1300.jpg,11
1301.jpg,8
1302.jpg,8
1303.jpg,8
1304.jpg,8
1305.jpg,15
1306.jpg,8
1307.jpg,8
1308.jpg,8
1309.jpg,8
1310.jpg,8
1311.jpg,2
1312.jpg,8
1313.jpg,8
1314.jpg,8
1315.jpg,8
1316.jpg,8
1317.jpg,8
1318.jpg,8
1319.jpg,8
1320.jpg,8
1321.jpg,8
1322.jpg,8
1323.jpg,2
1324.jpg,8
1325.jpg,8
1326.jpg,11
1327.jpg,8
1328.jpg,8
1329.jpg,8
1330.jpg,12
1331.jpg,8
1332.jpg,8
1333.jpg,8
1334.jpg,8
1335.jpg,8
1336.jpg,8
1337.jpg,8
1338.jpg,8
1339.jpg,8
1340.jpg,8
1341.jpg,8
1342.jpg,8
1343.jpg,8
1344.jpg,8
1345.jpg,8
1346.jpg,8
1347.jpg,8
1348.jpg,8
1349.jpg,2
1350.jpg,8
1351.jpg,8
1352.jpg,8
1353.jpg,8
1354.jpg,8
1355.jpg,8
1356.jpg,8
1357.jpg,8
1358.jpg,8
1359.jpg,13
1360.jpg,2
1361.jpg,8
1362.jpg,8
1363.jpg,8
1364.jpg,8
1365.jpg,8
1366.jpg,2
1367.jpg,8
1368.jpg,8
1369.jpg,8
1370.jpg,8
1371.jpg,2
1372.jpg,8
1373.jpg,26
1374.jpg,13
1375.jpg,9
1376.jpg,9
1377.jpg,9
1378.jpg,9
1379.jpg,9
1380.jpg,9
1381.jpg,9
1382.jpg,9
1383.jpg,9
1384.jpg,9
1385.jpg,9
1386.jpg,9
1387.jpg,24
1388.jpg,2
1389.jpg,9
1390.jpg,9
1391.jpg,9
1392.jpg,9
1393.jpg,9
1394.jpg,9
1395.jpg,9
1396.jpg,9
1397.jpg,9
1398.jpg,9
1399.jpg,9
1400.jpg,9
1401.jpg,9
1402.jpg,9
1403.jpg,9
1404.jpg,9
1405.jpg,9
1406.jpg,9
1407.jpg,9
1408.jpg,5
1409.jpg,9
1410.jpg,11
1411.jpg,9
1412.jpg,9
1413.jpg,9
1414.jpg,9
1415.jpg,9
1416.jpg,9
1417.jpg,9
1418.jpg,9
1419.jpg,27
1420.jpg,9
1421.jpg,9
1422.jpg,24
1423.jpg,9
1424.jpg,9
1425.jpg,10
1426.jpg,9
1427.jpg,9
1428.jpg,9
1429.jpg,9
1430.jpg,9
1431.jpg,13
1432.jpg,9
1433.jpg,9
1434.jpg,9
1435.jpg,9
1436.jpg,9
1437.jpg,9
1438.jpg,9
1439.jpg,9
1440.jpg,9
1441.jpg,9
1442.jpg,9
1443.jpg,9
1444.jpg,9
1445.jpg,2
1446.jpg,9
1447.jpg,9
1448.jpg,9
1449.jpg,9
1450.jpg,9
1451.jpg,9
1452.jpg,9
1453.jpg,9
1454.jpg,9
1455.jpg,9
1456.jpg,9
1457.jpg,9
1458.jpg,9
1459.jpg,9
1460.jpg,9
1461.jpg,9
1462.jpg,9
1463.jpg,9
1464.jpg,9
1465.jpg,9
1466.jpg,9
1467.jpg,9
1468.jpg,9
1469.jpg,9
1470.jpg,9
1471.jpg,9
1472.jpg,9
1473.jpg,9
1474.jpg,9
1475.jpg,9
1476.jpg,9
1477.jpg,9
1478.jpg,9
1479.jpg,9
1480.jpg,9
1481.jpg,9
1482.jpg,9
1483.jpg,9
1484.jpg,9
1485.jpg,9
1486.jpg,9
1487.jpg,9
1488.jpg,9
1489.jpg,9
1490.jpg,9
1491.jpg,9
1492.jpg,9
1493.jpg,9
1494.jpg,9
1495.jpg,9
1496.jpg,9
1497.jpg,9
1498.jpg,9
1499.jpg,9
1500.jpg,9
1501.jpg,9
1502.jpg,9
1503.jpg,9
1504.jpg,9
1505.jpg,9
1506.jpg,9
1507.jpg,9
1508.jpg,9
1509.jpg,9
1510.jpg,9
1511.jpg,9
1512.jpg,9
1513.jpg,9
1514.jpg,9
1515.jpg,9
1516.jpg,9
1517.jpg,9
1518.jpg,9
1519.jpg,9
1520.jpg,9
1521.jpg,9
1522.jpg,9
1523.jpg,9
1524.jpg,9
1525.jpg,9
1526.jpg,9
1527.jpg,9
1528.jpg,9
1529.jpg,9
1530.jpg,9
1531.jpg,9
1532.jpg,9
1533.jpg,9
1534.jpg,9
1535.jpg,9
1536.jpg,9
1537.jpg,9
1538.jpg,9
1539.jpg,9
1540.jpg,9
1541.jpg,9
1542.jpg,9
1543.jpg,9
1544.jpg,9
1545.jpg,9
1546.jpg,9
1547.jpg,9
1548.jpg,9
1549.jpg,9
1550.jpg,9
1551.jpg,9
1552.jpg,9
1553.jpg,9
1554.jpg,9
1555.jpg,9
1556.jpg,9
1557.jpg,24
1558.jpg,9
1559.jpg,9
1560.jpg,9
1561.jpg,9
1562.jpg,9
1563.jpg,9
1564.jpg,9
1565.jpg,9
1566.jpg,9
1567.jpg,9
1568.jpg,9
1569.jpg,9
1570.jpg,9
1571.jpg,9
1572.jpg,9
1573.jpg,9
1574.jpg,9
1575.jpg,9
1576.jpg,9
1577.jpg,24
1578.jpg,9
1579.jpg,9
1580.jpg,9
1581.jpg,9
1582.jpg,9
1583.jpg,9
1584.jpg,9
1585.jpg,11
1586.jpg,9
1587.jpg,9
1588.jpg,9
1589.jpg,9
1590.jpg,9
1591.jpg,9
1592.jpg,9
1593.jpg,9
1594.jpg,9
1595.jpg,9
1596.jpg,9
1597.jpg,9
1598.jpg,9
1599.jpg,9
1600.jpg,9
1601.jpg,9
1602.jpg,9
1603.jpg,9
1604.jpg,9
1605.jpg,9
1606.jpg,9
1607.jpg,9
1608.jpg,9
1609.jpg,9
1610.jpg,9
1611.jpg,9
1612.jpg,9
1613.jpg,9
1614.jpg,9
1615.jpg,9
1616.jpg,9
1617.jpg,9
1618.jpg,9
1619.jpg,9
1620.jpg,9
1621.jpg,9
1622.jpg,9
1623.jpg,9
1624.jpg,9
1625.jpg,9
1626.jpg,9
1627.jpg,9
1628.jpg,9
1629.jpg,9
1630.jpg,9
1631.jpg,9
1632.jpg,9
1633.jpg,9
1634.jpg,9
1635.jpg,9
1636.jpg,7
1637.jpg,8
1638.jpg,9
1639.jpg,9
1640.jpg,9
1641.jpg,10
1642.jpg,10
1643.jpg,10
1644.jpg,10
1645.jpg,10
1646.jpg,10
1647.jpg,10
1648.jpg,10
1649.jpg,10
1650.jpg,10
1651.jpg,10
1652.jpg,10
1653.jpg,10
1654.jpg,10
1655.jpg,10
1656.jpg,10
1657.jpg,10
1658.jpg,10
1659.jpg,10
1660.jpg,10
1661.jpg,10
1662.jpg,10
1663.jpg,10
1664.jpg,10
1665.jpg,27
1666.jpg,10
1667.jpg,24
1668.jpg,10
1669.jpg,10
1670.jpg,10
1671.jpg,10
1672.jpg,10
1673.jpg,10
1674.jpg,10
1675.jpg,10
1676.jpg,10
1677.jpg,10
1678.jpg,10
1679.jpg,10
1680.jpg,10
1681.jpg,10
1682.jpg,10
1683.jpg,10
1684.jpg,10
1685.jpg,10
1686.jpg,10
1687.jpg,10
1688.jpg,24
1689.jpg,10
1690.jpg,10
1691.jpg,10
1692.jpg,13
1693.jpg,10
1694.jpg,10
1695.jpg,27
1696.jpg,10
1697.jpg,10
1698.jpg,10
1699.jpg,10
1700.jpg,10
1701.jpg,10
1702.jpg,10
1703.jpg,10
1704.jpg,10
1705.jpg,11
1706.jpg,10
1707.jpg,10
1708.jpg,10
1709.jpg,10
1710.jpg,10
1711.jpg,10
1712.jpg,10
1713.jpg,10
1714.jpg,10
1715.jpg,10
1716.jpg,10
1717.jpg,10
1718.jpg,10
1719.jpg,10
1720.jpg,10
1721.jpg,10
1722.jpg,10
1723.jpg,10
1724.jpg,10
1725.jpg,10
1726.jpg,10
1727.jpg,10
1728.jpg,10
1729.jpg,10
1730.jpg,11
1731.jpg,11
1732.jpg,11
1733.jpg,11
1734.jpg,11
1735.jpg,11
1736.jpg,11
1737.jpg,27
1738.jpg,4
1739.jpg,11
1740.jpg,11
1741.jpg,11
1742.jpg,11
1743.jpg,11
1744.jpg,11
1745.jpg,11
1746.jpg,11
1747.jpg,11
1748.jpg,11
1749.jpg,11
1750.jpg,11
1751.jpg,11
1752.jpg,11
1753.jpg,11
1754.jpg,11
1755.jpg,11
1756.jpg,11
1757.jpg,11
1758.jpg,11
1759.jpg,6
1760.jpg,11
1761.jpg,11
1762.jpg,4
1763.jpg,11
1764.jpg,11
1765.jpg,11
1766.jpg,11
1767.jpg,11
1768.jpg,11
1769.jpg,11
1770.jpg,11
1771.jpg,11
1772.jpg,11
1773.jpg,11
1774.jpg,11
1775.jpg,11
1776.jpg,11
1777.jpg,4
1778.jpg,11
1779.jpg,11
1780.jpg,11
1781.jpg,11
1782.jpg,11
1783.jpg,11
1784.jpg,11
1785.jpg,11
1786.jpg,11
1787.jpg,11
1788.jpg,11
1789.jpg,4
1790.jpg,27
1791.jpg,11
1792.jpg,11
1793.jpg,11
1794.jpg,4
1795.jpg,11
1796.jpg,11
1797.jpg,11
1798.jpg,11
1799.jpg,11
1800.jpg,4
1801.jpg,8
1802.jpg,11
1803.jpg,11
1804.jpg,27
1805.jpg,24
1806.jpg,11
1807.jpg,11
1808.jpg,11
1809.jpg,11
1810.jpg,4
1811.jpg,11
1812.jpg,11
1813.jpg,11
1814.jpg,11
1815.jpg,4
1816.jpg,11
1817.jpg,11
1818.jpg,12
1819.jpg,11
1820.jpg,27
1821.jpg,11
1822.jpg,16
1823.jpg,2
1824.jpg,11
1825.jpg,11
1826.jpg,11
1827.jpg,11
1828.jpg,11
1829.jpg,11
1830.jpg,11
1831.jpg,11
1832.jpg,11
1833.jpg,11
1834.jpg,11
1835.jpg,8
1836.jpg,11
1837.jpg,4
1838.jpg,4
1839.jpg,4
1840.jpg,11
1841.jpg,11
1842.jpg,11
1843.jpg,11
1844.jpg,9
1845.jpg,11
1846.jpg,11
1847.jpg,11
1848.jpg,11
1849.jpg,11
1850.jpg,27
1851.jpg,11
1852.jpg,11
1853.jpg,22
1854.jpg,11
1855.jpg,4
1856.jpg,4
1857.jpg,11
1858.jpg,4
1859.jpg,11
1860.jpg,4
1861.jpg,4
1862.jpg,27
1863.jpg,11
1864.jpg,11
1865.jpg,11
1866.jpg,11
1867.jpg,11
1868.jpg,12
1869.jpg,12
1870.jpg,12
1871.jpg,12
1872.jpg,22
1873.jpg,12
1874.jpg,12
1875.jpg,12
1876.jpg,12
1877.jpg,12
1878.jpg,12
1879.jpg,12
1880.jpg,12
1881.jpg,12
1882.jpg,4
1883.jpg,12
1884.jpg,12
1885.jpg,12
1886.jpg,24
1887.jpg,12
1888.jpg,12
1889.jpg,12
1890.jpg,12
1891.jpg,12
1892.jpg,12
1893.jpg,12
1894.jpg,12
1895.jpg,24
1896.jpg,12
1897.jpg,12
1898.jpg,12
1899.jpg,12
1900.jpg,13
1901.jpg,12
1902.jpg,12
1903.jpg,12
1904.jpg,12
1905.jpg,12
1906.jpg,12
1907.jpg,12
1908.jpg,12
1909.jpg,12
1910.jpg,12
1911.jpg,12
1912.jpg,12
1913.jpg,12
1914.jpg,12
1915.jpg,12
1916.jpg,12
1917.jpg,12
1918.jpg,12
1919.jpg,12
1920.jpg,12
1921.jpg,12
1922.jpg,12
1923.jpg,12
1924.jpg,12
1925.jpg,12
1926.jpg,12
1927.jpg,12
1928.jpg,12
1929.jpg,12
1930.jpg,12
1931.jpg,12
1932.jpg,12
1933.jpg,12
1934.jpg,12
1935.jpg,12
1936.jpg,12
1937.jpg,26
1938.jpg,12
1939.jpg,12
1940.jpg,12
1941.jpg,12
1942.jpg,12
1943.jpg,12
1944.jpg,12
1945.jpg,12
1946.jpg,12
1947.jpg,12
1948.jpg,12
1949.jpg,12
1950.jpg,12
1951.jpg,13
1952.jpg,12
1953.jpg,29
1954.jpg,12
1955.jpg,4
1956.jpg,12
1957.jpg,12
1958.jpg,12
1959.jpg,12
1960.jpg,10
1961.jpg,13
1962.jpg,12
1963.jpg,12
1964.jpg,12
1965.jpg,12
1966.jpg,12
1967.jpg,12
1968.jpg,12
1969.jpg,12
1970.jpg,12
1971.jpg,4
1972.jpg,12
1973.jpg,12
1974.jpg,12
1975.jpg,12
1976.jpg,12
1977.jpg,12
1978.jpg,17
1979.jpg,12
1980.jpg,12
1981.jpg,12
1982.jpg,12
1983.jpg,12
1984.jpg,12
1985.jpg,12
1986.jpg,12
1987.jpg,9
1988.jpg,5
1989.jpg,12
1990.jpg,12
1991.jpg,12
1992.jpg,29
1993.jpg,24
1994.jpg,12
1995.jpg,12
1996.jpg,9
1997.jpg,12
1998.jpg,12
1999.jpg,12
2000.jpg,12
2001.jpg,12
2002.jpg,12
2003.jpg,12
2004.jpg,0
2005.jpg,12
2006.jpg,12
2007.jpg,12
2008.jpg,12
2009.jpg,12
2010.jpg,12
2011.jpg,12
2012.jpg,12
2013.jpg,12
2014.jpg,12
2015.jpg,12
2016.jpg,12
2017.jpg,12
2018.jpg,12
2019.jpg,12
2020.jpg,12
2021.jpg,12
2022.jpg,12
2023.jpg,12
2024.jpg,12
2025.jpg,12
2026.jpg,12
2027.jpg,13
2028.jpg,13
2029.jpg,13
2030.jpg,13
2031.jpg,13
2032.jpg,13
2033.jpg,13
2034.jpg,13
2035.jpg,13
2036.jpg,13
2037.jpg,13
2038.jpg,13
2039.jpg,13
2040.jpg,13
2041.jpg,13
2042.jpg,13
2043.jpg,13
2044.jpg,13
2045.jpg,13
2046.jpg,13
2047.jpg,12
2048.jpg,9
2049.jpg,13
2050.jpg,13
2051.jpg,13
2052.jpg,13
2053.jpg,13
2054.jpg,13
2055.jpg,13
2056.jpg,29
2057.jpg,13
2058.jpg,13
2059.jpg,13
2060.jpg,13
2061.jpg,13
2062.jpg,13
2063.jpg,13
2064.jpg,13
2065.jpg,13
2066.jpg,13
2067.jpg,11
2068.jpg,13
2069.jpg,13
2070.jpg,13
2071.jpg,13
2072.jpg,13
2073.jpg,13
2074.jpg,13
2075.jpg,13
2076.jpg,10
2077.jpg,13
2078.jpg,13
2079.jpg,10
2080.jpg,13
2081.jpg,13
2082.jpg,20
2083.jpg,13
2084.jpg,13
2085.jpg,13
2086.jpg,13
2087.jpg,12
2088.jpg,13
2089.jpg,13
2090.jpg,13
2091.jpg,13
2092.jpg,13
2093.jpg,13
2094.jpg,13
2095.jpg,13
2096.jpg,13
2097.jpg,13
2098.jpg,13
2099.jpg,13
2100.jpg,13
2101.jpg,13
2102.jpg,13
2103.jpg,13
2104.jpg,13
2105.jpg,13
2106.jpg,13
2107.jpg,13
2108.jpg,13
2109.jpg,13
2110.jpg,13
2111.jpg,13
2112.jpg,13
2113.jpg,13
2114.jpg,13
2115.jpg,13
2116.jpg,13
2117.jpg,13
2118.jpg,13
2119.jpg,13
2120.jpg,13
2121.jpg,13
2122.jpg,13
2123.jpg,13
2124.jpg,13
2125.jpg,13
2126.jpg,13
2127.jpg,13
2128.jpg,13
2129.jpg,13
2130.jpg,13
2131.jpg,13
2132.jpg,13
2133.jpg,13
2134.jpg,9
2135.jpg,13
2136.jpg,13
2137.jpg,13
2138.jpg,13
2139.jpg,13
2140.jpg,13
2141.jpg,13
2142.jpg,13
2143.jpg,13
2144.jpg,13
2145.jpg,13
2146.jpg,13
2147.jpg,13
2148.jpg,2
2149.jpg,13
2150.jpg,13
2151.jpg,13
2152.jpg,13
2153.jpg,13
2154.jpg,13
2155.jpg,13
2156.jpg,13
2157.jpg,13
2158.jpg,11
2159.jpg,13
2160.jpg,13
2161.jpg,13
2162.jpg,13
2163.jpg,13
2164.jpg,13
2165.jpg,13
2166.jpg,13
2167.jpg,13
2168.jpg,13
2169.jpg,13
2170.jpg,13
2171.jpg,13
2172.jpg,12
2173.jpg,13
2174.jpg,13
2175.jpg,13
2176.jpg,13
2177.jpg,13
2178.jpg,13
2179.jpg,13
2180.jpg,13
2181.jpg,13
2182.jpg,13
2183.jpg,13
2184.jpg,13
2185.jpg,13
2186.jpg,13
2187.jpg,13
2188.jpg,13
2189.jpg,13
2190.jpg,13
2191.jpg,13
2192.jpg,13
2193.jpg,13
2194.jpg,13
2195.jpg,12
2196.jpg,13
2197.jpg,13
2198.jpg,13
2199.jpg,13
2200.jpg,2
2201.jpg,13
2202.jpg,13
2203.jpg,13
2204.jpg,13
2205.jpg,13
2206.jpg,13
2207.jpg,8
2208.jpg,13
2209.jpg,13
2210.jpg,13
2211.jpg,13
2212.jpg,2
2213.jpg,13
2214.jpg,13
2215.jpg,28
2216.jpg,13
2217.jpg,13
2218.jpg,13
2219.jpg,13
2220.jpg,13
2221.jpg,12
2222.jpg,27
2223.jpg,13
2224.jpg,13
2225.jpg,27
2226.jpg,13
2227.jpg,13
2228.jpg,13
2229.jpg,13
2230.jpg,12
2231.jpg,13
2232.jpg,12
2233.jpg,13
2234.jpg,13
2235.jpg,20
2236.jpg,13
2237.jpg,13
2238.jpg,13
2239.jpg,13
2240.jpg,13
2241.jpg,13
2242.jpg,13
2243.jpg,13
2244.jpg,13
2245.jpg,13
2246.jpg,13
2247.jpg,13
2248.jpg,13
2249.jpg,13
2250.jpg,13
2251.jpg,13
2252.jpg,13
2253.jpg,13
2254.jpg,12
2255.jpg,13
2256.jpg,13
2257.jpg,13
2258.jpg,12
2259.jpg,13
2260.jpg,13
2261.jpg,8
2262.jpg,14
2263.jpg,14
2264.jpg,25
2265.jpg,14
2266.jpg,3
2267.jpg,20
2268.jpg,25
2269.jpg,14
2270.jpg,14
2271.jpg,17
2272.jpg,14
2273.jpg,14
2274.jpg,20
2275.jpg,14
2276.jpg,17
2277.jpg,3
2278.jpg,14
2279.jpg,14
2280.jpg,28
2281.jpg,14
2282.jpg,17
2283.jpg,14
2284.jpg,13
2285.jpg,13
2286.jpg,25
2287.jpg,14
2288.jpg,20
2289.jpg,14
2290.jpg,14
2291.jpg,17
2292.jpg,28
2293.jpg,14
2294.jpg,20
2295.jpg,14
2296.jpg,17
2297.jpg,14
2298.jpg,21
2299.jpg,17
2300.jpg,14
2301.jpg,13
2302.jpg,17
2303.jpg,14
2304.jpg,14
2305.jpg,16
2306.jpg,14
2307.jpg,14
2308.jpg,14
2309.jpg,14
2310.jpg,14
2311.jpg,14
2312.jpg,14
2313.jpg,14
2314.jpg,14
2315.jpg,17
2316.jpg,9
2317.jpg,16
2318.jpg,17
2319.jpg,14
2320.jpg,17
2321.jpg,28
2322.jpg,14
2323.jpg,14
2324.jpg,3
2325.jpg,28
2326.jpg,15
2327.jpg,14
2328.jpg,14
2329.jpg,14
2330.jpg,28
2331.jpg,14
2332.jpg,25
2333.jpg,25
2334.jpg,14
2335.jpg,25
2336.jpg,3
2337.jpg,14
2338.jpg,14
2339.jpg,14
2340.jpg,17
2341.jpg,14
2342.jpg,28
2343.jpg,14
2344.jpg,14
2345.jpg,23
2346.jpg,14
2347.jpg,14
2348.jpg,17
2349.jpg,17
2350.jpg,17
2351.jpg,14
2352.jpg,6
2353.jpg,14
2354.jpg,14
2355.jpg,14
2356.jpg,14
2357.jpg,14
2358.jpg,22
2359.jpg,17
2360.jpg,14
2361.jpg,14
2362.jpg,17
2363.jpg,17
2364.jpg,14
2365.jpg,3
2366.jpg,14
2367.jpg,14
2368.jpg,3
2369.jpg,14
2370.jpg,14
2371.jpg,16
2372.jpg,14
2373.jpg,20
2374.jpg,25
2375.jpg,14
2376.jpg,14
2377.jpg,3
2378.jpg,14
2379.jpg,14
2380.jpg,17
2381.jpg,17
2382.jpg,22
2383.jpg,14
2384.jpg,14
2385.jpg,14
2386.jpg,14
2387.jpg,14
2388.jpg,25
2389.jpg,14
2390.jpg,14
2391.jpg,14
2392.jpg,14
2393.jpg,14
2394.jpg,14
2395.jpg,14
2396.jpg,14
2397.jpg,3
2398.jpg,22
2399.jpg,14
2400.jpg,14
2401.jpg,17
2402.jpg,14
2403.jpg,14
2404.jpg,14
2405.jpg,14
2406.jpg,14
2407.jpg,14
2408.jpg,3
2409.jpg,14
2410.jpg,17
2411.jpg,14
2412.jpg,25
2413.jpg,14
2414.jpg,14
2415.jpg,14
2416.jpg,14
2417.jpg,14
2418.jpg,14
2419.jpg,14
2420.jpg,14
2421.jpg,20
2422.jpg,14
2423.jpg,14
2424.jpg,14
2425.jpg,14
2426.jpg,14
2427.jpg,20
2428.jpg,14
2429.jpg,3
2430.jpg,14
2431.jpg,14
2432.jpg,14
2433.jpg,17
2434.jpg,14
2435.jpg,14
2436.jpg,14
2437.jpg,28
2438.jpg,14
2439.jpg,14
2440.jpg,14
2441.jpg,17
2442.jpg,14
2443.jpg,14
2444.jpg,14
2445.jpg,14
2446.jpg,14
2447.jpg,14
2448.jpg,20
2449.jpg,14
2450.jpg,14
2451.jpg,14
2452.jpg,14
2453.jpg,20
2454.jpg,17
2455.jpg,14
2456.jpg,3
2457.jpg,14
2458.jpg,14
2459.jpg,28
2460.jpg,14
2461.jpg,14
2462.jpg,14
2463.jpg,14
2464.jpg,29
2465.jpg,28
2466.jpg,14
2467.jpg,14
2468.jpg,20
2469.jpg,14
2470.jpg,14
2471.jpg,14
2472.jpg,14
2473.jpg,14
2474.jpg,14
2475.jpg,14
2476.jpg,14
2477.jpg,16
2478.jpg,14
2479.jpg,14
2480.jpg,14
2481.jpg,14
2482.jpg,14
2483.jpg,14
2484.jpg,14
2485.jpg,17
2486.jpg,14
2487.jpg,14
2488.jpg,14
2489.jpg,14
2490.jpg,14
2491.jpg,14
2492.jpg,14
2493.jpg,14
2494.jpg,14
2495.jpg,14
2496.jpg,14
2497.jpg,20
2498.jpg,14
2499.jpg,17
2500.jpg,14
2501.jpg,14
2502.jpg,14
2503.jpg,17
2504.jpg,6
2505.jpg,17
2506.jpg,14
2507.jpg,17
2508.jpg,16
2509.jpg,25
2510.jpg,20
2511.jpg,14
2512.jpg,14
2513.jpg,14
2514.jpg,28
2515.jpg,14
2516.jpg,20
2517.jpg,28
2518.jpg,14
2519.jpg,14
2520.jpg,14
2521.jpg,14
2522.jpg,14
2523.jpg,28
2524.jpg,14
2525.jpg,17
2526.jpg,17
2527.jpg,14
2528.jpg,14
2529.jpg,14
2530.jpg,14
2531.jpg,28
2532.jpg,25
2533.jpg,28
2534.jpg,25
2535.jpg,14
2536.jpg,14
2537.jpg,17
2538.jpg,14
2539.jpg,14
2540.jpg,14
2541.jpg,14
2542.jpg,17
2543.jpg,28
2544.jpg,14
2545.jpg,14
2546.jpg,17
2547.jpg,14
2548.jpg,17
2549.jpg,8
2550.jpg,28
2551.jpg,14
2552.jpg,14
2553.jpg,14
2554.jpg,14
2555.jpg,14
2556.jpg,14
2557.jpg,14
2558.jpg,14
2559.jpg,14
2560.jpg,18
2561.jpg,17
2562.jpg,14
2563.jpg,14
2564.jpg,20
2565.jpg,3
2566.jpg,14
2567.jpg,14
2568.jpg,15
2569.jpg,15
2570.jpg,15
2571.jpg,15
2572.jpg,15
2573.jpg,5
2574.jpg,15
2575.jpg,15
2576.jpg,15
2577.jpg,15
2578.jpg,15
2579.jpg,15
2580.jpg,15
2581.jpg,15
2582.jpg,15
2583.jpg,15
2584.jpg,15
2585.jpg,15
2586.jpg,15
2587.jpg,11
2588.jpg,15
2589.jpg,15
2590.jpg,15
2591.jpg,15
2592.jpg,15
2593.jpg,15
2594.jpg,15
2595.jpg,15
2596.jpg,15
2597.jpg,15
2598.jpg,15
2599.jpg,15
2600.jpg,15
2601.jpg,15
2602.jpg,15
2603.jpg,15
2604.jpg,15
2605.jpg,15
2606.jpg,15
2607.jpg,15
2608.jpg,15
2609.jpg,15
2610.jpg,15
2611.jpg,15
2612.jpg,15
2613.jpg,15
2614.jpg,15
2615.jpg,15
2616.jpg,15
2617.jpg,15
2618.jpg,15
2619.jpg,15
2620.jpg,15
2621.jpg,15
2622.jpg,15
2623.jpg,15
2624.jpg,15
2625.jpg,15
2626.jpg,15
2627.jpg,15
2628.jpg,15
2629.jpg,15
2630.jpg,15
2631.jpg,15
2632.jpg,15
2633.jpg,15
2634.jpg,15
2635.jpg,15
2636.jpg,15
2637.jpg,15
2638.jpg,15
2639.jpg,15
2640.jpg,15
2641.jpg,15
2642.jpg,15
2643.jpg,15
2644.jpg,15
2645.jpg,15
2646.jpg,15
2647.jpg,15
2648.jpg,15
2649.jpg,15
2650.jpg,15
2651.jpg,15
2652.jpg,15
2653.jpg,15
2654.jpg,15
2655.jpg,15
2656.jpg,15
2657.jpg,15
2658.jpg,15
2659.jpg,15
2660.jpg,15
2661.jpg,15
2662.jpg,15
2663.jpg,15
2664.jpg,15
2665.jpg,15
2666.jpg,15
2667.jpg,15
2668.jpg,15
2669.jpg,15
2670.jpg,15
2671.jpg,15
2672.jpg,15
2673.jpg,15
2674.jpg,15
2675.jpg,15
2676.jpg,15
2677.jpg,15
2678.jpg,15
2679.jpg,15
2680.jpg,15
2681.jpg,15
2682.jpg,15
2683.jpg,15
2684.jpg,15
2685.jpg,15
2686.jpg,15
2687.jpg,15
2688.jpg,15
2689.jpg,15
2690.jpg,15
2691.jpg,15
2692.jpg,15
2693.jpg,15
2694.jpg,15
2695.jpg,15
2696.jpg,15
2697.jpg,15
2698.jpg,15
2699.jpg,15
2700.jpg,15
2701.jpg,15
2702.jpg,15
2703.jpg,15
2704.jpg,15
2705.jpg,15
2706.jpg,15
2707.jpg,15
2708.jpg,15
2709.jpg,15
2710.jpg,6
2711.jpg,15
2712.jpg,22
2713.jpg,15
2714.jpg,15
2715.jpg,15
2716.jpg,15
2717.jpg,15
2718.jpg,15
2719.jpg,15
2720.jpg,15
2721.jpg,15
2722.jpg,7
2723.jpg,15
2724.jpg,15
2725.jpg,15
2726.jpg,15
2727.jpg,15
2728.jpg,15
2729.jpg,15
2730.jpg,15
2731.jpg,15
2732.jpg,15
2733.jpg,15
2734.jpg,15
2735.jpg,15
2736.jpg,15
2737.jpg,15
2738.jpg,15
2739.jpg,15
2740.jpg,15
2741.jpg,15
2742.jpg,15
2743.jpg,15
2744.jpg,15
2745.jpg,22
2746.jpg,15
2747.jpg,15
2748.jpg,15
2749.jpg,15
2750.jpg,15
2751.jpg,15
2752.jpg,16
2753.jpg,16
2754.jpg,16
2755.jpg,16
2756.jpg,16
2757.jpg,16
2758.jpg,16
2759.jpg,20
2760.jpg,20
2761.jpg,25
2762.jpg,20
2763.jpg,16
2764.jpg,16
2765.jpg,16
2766.jpg,17
2767.jpg,16
2768.jpg,16
2769.jpg,14
2770.jpg,16
2771.jpg,16
2772.jpg,16
2773.jpg,16
2774.jpg,16
2775.jpg,16
2776.jpg,16
2777.jpg,20
2778.jpg,20
2779.jpg,16
2780.jpg,16
2781.jpg,16
2782.jpg,16
2783.jpg,16
2784.jpg,20
2785.jpg,16
2786.jpg,16
2787.jpg,16
2788.jpg,17
2789.jpg,16
2790.jpg,16
2791.jpg,20
2792.jpg,16
2793.jpg,16
2794.jpg,16
2795.jpg,16
2796.jpg,16
2797.jpg,16
2798.jpg,16
2799.jpg,16
2800.jpg,16
2801.jpg,16
2802.jpg,16
2803.jpg,28
2804.jpg,16
2805.jpg,25
2806.jpg,16
2807.jpg,16
2808.jpg,25
2809.jpg,16
2810.jpg,21
2811.jpg,13
2812.jpg,25
2813.jpg,16
2814.jpg,16
2815.jpg,16
2816.jpg,17
2817.jpg,22
2818.jpg,17
2819.jpg,16
2820.jpg,16
2821.jpg,20
2822.jpg,16
2823.jpg,16
2824.jpg,16
2825.jpg,16
2826.jpg,16
2827.jpg,16
2828.jpg,16
2829.jpg,16
2830.jpg,16
2831.jpg,16
2832.jpg,16
2833.jpg,24
2834.jpg,16
2835.jpg,16
2836.jpg,3
2837.jpg,16
2838.jpg,16
2839.jpg,16
2840.jpg,16
2841.jpg,16
2842.jpg,25
2843.jpg,14
2844.jpg,16
2845.jpg,16
2846.jpg,16
2847.jpg,3
2848.jpg,16
2849.jpg,16
2850.jpg,16
2851.jpg,16
2852.jpg,16
2853.jpg,16
2854.jpg,16
2855.jpg,16
2856.jpg,17
2857.jpg,16
2858.jpg,16
2859.jpg,14
2860.jpg,16
2861.jpg,16
2862.jpg,20
2863.jpg,16
2864.jpg,16
2865.jpg,17
2866.jpg,16
2867.jpg,20
2868.jpg,16
2869.jpg,17
2870.jpg,16
2871.jpg,16
2872.jpg,17
2873.jpg,16
2874.jpg,16
2875.jpg,20
2876.jpg,16
2877.jpg,16
2878.jpg,16
2879.jpg,16
2880.jpg,16
2881.jpg,16
2882.jpg,25
2883.jpg,3
2884.jpg,14
2885.jpg,16
2886.jpg,16
2887.jpg,20
2888.jpg,16
2889.jpg,25
2890.jpg,28
2891.jpg,16
2892.jpg,16
2893.jpg,25
2894.jpg,16
2895.jpg,16
2896.jpg,16
2897.jpg,16
2898.jpg,20
2899.jpg,16
2900.jpg,17
2901.jpg,16
2902.jpg,22
2903.jpg,16
2904.jpg,16
2905.jpg,25
2906.jpg,25
2907.jpg,3
2908.jpg,17
2909.jpg,17
2910.jpg,20
2911.jpg,14
2912.jpg,16
2913.jpg,17
2914.jpg,20
2915.jpg,17
2916.jpg,17
2917.jpg,17
2918.jpg,17
2919.jpg,17
2920.jpg,17
2921.jpg,17
2922.jpg,17
2923.jpg,17
2924.jpg,17
2925.jpg,17
2926.jpg,17
2927.jpg,4
2928.jpg,18
2929.jpg,17
2930.jpg,14
2931.jpg,3
2932.jpg,17
2933.jpg,17
2934.jpg,17
2935.jpg,17
2936.jpg,17
2937.jpg,17
2938.jpg,17
2939.jpg,17
2940.jpg,17
2941.jpg,17
2942.jpg,3
2943.jpg,3
2944.jpg,17
2945.jpg,17
2946.jpg,17
2947.jpg,17
2948.jpg,17
2949.jpg,17
2950.jpg,16
2951.jpg,17
2952.jpg,17
2953.jpg,17
2954.jpg,17
2955.jpg,20
2956.jpg,17
2957.jpg,17
2958.jpg,17
2959.jpg,17
2960.jpg,17
2961.jpg,17
2962.jpg,17
2963.jpg,17
2964.jpg,17
2965.jpg,17
2966.jpg,17
2967.jpg,17
2968.jpg,20
2969.jpg,25
2970.jpg,20
2971.jpg,14
2972.jpg,17
2973.jpg,17
2974.jpg,14
2975.jpg,17
2976.jpg,17
2977.jpg,17
2978.jpg,17
2979.jpg,17
2980.jpg,17
2981.jpg,20
2982.jpg,17
2983.jpg,17
2984.jpg,17
2985.jpg,17
2986.jpg,17
2987.jpg,17
2988.jpg,17
2989.jpg,17
2990.jpg,17
2991.jpg,17
2992.jpg,17
2993.jpg,17
2994.jpg,17
2995.jpg,3
2996.jpg,17
2997.jpg,17
2998.jpg,20
2999.jpg,25
3000.jpg,17
3001.jpg,17
3002.jpg,17
3003.jpg,14
3004.jpg,17
3005.jpg,17
3006.jpg,17
3007.jpg,28
3008.jpg,17
3009.jpg,17
3010.jpg,2
3011.jpg,17
3012.jpg,17
3013.jpg,16
3014.jpg,17
3015.jpg,17
3016.jpg,14
3017.jpg,17
3018.jpg,17
3019.jpg,17
3020.jpg,17
3021.jpg,17
3022.jpg,20
3023.jpg,18
3024.jpg,28
3025.jpg,17
3026.jpg,17
3027.jpg,16
3028.jpg,17
3029.jpg,17
3030.jpg,18
3031.jpg,20
3032.jpg,17
3033.jpg,17
3034.jpg,17
3035.jpg,17
3036.jpg,20
3037.jpg,3
3038.jpg,3
3039.jpg,17
3040.jpg,3
3041.jpg,17
3042.jpg,17
3043.jpg,17
3044.jpg,17
3045.jpg,17
3046.jpg,17
3047.jpg,17
3048.jpg,17
3049.jpg,17
3050.jpg,16
3051.jpg,17
3052.jpg,17
3053.jpg,25
3054.jpg,17
3055.jpg,17
3056.jpg,17
3057.jpg,17
3058.jpg,17
3059.jpg,17
3060.jpg,17
3061.jpg,17
3062.jpg,17
3063.jpg,17
3064.jpg,17
3065.jpg,17
3066.jpg,17
3067.jpg,17
3068.jpg,17
3069.jpg,17
3070.jpg,17
3071.jpg,20
3072.jpg,14
3073.jpg,17
3074.jpg,17
3075.jpg,17
3076.jpg,17
3077.jpg,17
3078.jpg,20
3079.jpg,17
3080.jpg,17
3081.jpg,17
3082.jpg,17
3083.jpg,17
3084.jpg,17
3085.jpg,17
3086.jpg,20
3087.jpg,20
3088.jpg,14
3089.jpg,20
3090.jpg,16
3091.jpg,17
3092.jpg,17
3093.jpg,17
3094.jpg,14
3095.jpg,17
3096.jpg,17
3097.jpg,17
3098.jpg,17
3099.jpg,17
3100.jpg,17
3101.jpg,16
3102.jpg,17
3103.jpg,20
3104.jpg,22
3105.jpg,16
3106.jpg,17
3107.jpg,17
3108.jpg,17
3109.jpg,14
3110.jpg,17
3111.jpg,17
3112.jpg,17
3113.jpg,17
3114.jpg,17
3115.jpg,17
3116.jpg,17
3117.jpg,17
3118.jpg,17
3119.jpg,17
3120.jpg,20
3121.jpg,17
3122.jpg,25
3123.jpg,17
3124.jpg,16
3125.jpg,17
3126.jpg,9
3127.jpg,17
3128.jpg,17
3129.jpg,17
3130.jpg,17
3131.jpg,17
3132.jpg,3
3133.jpg,17
3134.jpg,17
3135.jpg,3
3136.jpg,17
3137.jpg,17
3138.jpg,18
3139.jpg,25
3140.jpg,18
3141.jpg,18
3142.jpg,18
3143.jpg,18
3144.jpg,18
3145.jpg,18
3146.jpg,18
3147.jpg,18
3148.jpg,18
3149.jpg,23
3150.jpg,18
3151.jpg,18
3152.jpg,18
3153.jpg,21
3154.jpg,18
3155.jpg,18
3156.jpg,18
3157.jpg,18
3158.jpg,18
3159.jpg,18
3160.jpg,18
3161.jpg,18
3162.jpg,28
3163.jpg,18
3164.jpg,18
3165.jpg,16
3166.jpg,23
3167.jpg,18
3168.jpg,18
3169.jpg,2
3170.jpg,18
3171.jpg,18
3172.jpg,23
3173.jpg,18
3174.jpg,18
3175.jpg,23
3176.jpg,18
3177.jpg,18
3178.jpg,23
3179.jpg,18
3180.jpg,17
3181.jpg,18
3182.jpg,18
3183.jpg,18
3184.jpg,18
3185.jpg,18
3186.jpg,18
3187.jpg,18
3188.jpg,17
3189.jpg,18
3190.jpg,18
3191.jpg,18
3192.jpg,18
3193.jpg,18
3194.jpg,18
3195.jpg,18
3196.jpg,18
3197.jpg,18
3198.jpg,18
3199.jpg,18
3200.jpg,18
3201.jpg,21
3202.jpg,18
3203.jpg,11
3204.jpg,18
3205.jpg,18
3206.jpg,18
3207.jpg,18
3208.jpg,12
3209.jpg,18
3210.jpg,18
3211.jpg,18
3212.jpg,18
3213.jpg,13
3214.jpg,18
3215.jpg,18
3216.jpg,18
3217.jpg,18
3218.jpg,15
3219.jpg,18
3220.jpg,18
3221.jpg,18
3222.jpg,18
3223.jpg,18
3224.jpg,23
3225.jpg,18
3226.jpg,9
3227.jpg,18
3228.jpg,18
3229.jpg,18
3230.jpg,18
3231.jpg,22
3232.jpg,18
3233.jpg,18
3234.jpg,29
3235.jpg,18
3236.jpg,18
3237.jpg,13
3238.jpg,18
3239.jpg,18
3240.jpg,8
3241.jpg,18
3242.jpg,26
3243.jpg,25
3244.jpg,24
3245.jpg,21
3246.jpg,18
3247.jpg,18
3248.jpg,18
3249.jpg,18
3250.jpg,18
3251.jpg,18
3252.jpg,18
3253.jpg,25
3254.jpg,18
3255.jpg,22
3256.jpg,18
3257.jpg,18
3258.jpg,23
3259.jpg,25
3260.jpg,18
3261.jpg,18
3262.jpg,27
3263.jpg,18
3264.jpg,18
3265.jpg,23
3266.jpg,25
3267.jpg,8
3268.jpg,18
3269.jpg,18
3270.jpg,23
3271.jpg,26
3272.jpg,25
3273.jpg,18
3274.jpg,18
3275.jpg,24
3276.jpg,18
3277.jpg,18
3278.jpg,27
3279.jpg,18
3280.jpg,18
3281.jpg,25
3282.jpg,13
3283.jpg,18
3284.jpg,18
3285.jpg,18
3286.jpg,18
3287.jpg,18
3288.jpg,19
3289.jpg,19
3290.jpg,19
3291.jpg,19
3292.jpg,19
3293.jpg,19
3294.jpg,19
3295.jpg,19
3296.jpg,19
3297.jpg,19
3298.jpg,19
3299.jpg,19
3300.jpg,19
3301.jpg,19
3302.jpg,19
3303.jpg,11
3304.jpg,19
3305.jpg,19
3306.jpg,19
3307.jpg,19
3308.jpg,19
3309.jpg,19
3310.jpg,19
3311.jpg,19
3312.jpg,19
3313.jpg,19
3314.jpg,19
3315.jpg,19
3316.jpg,19
3317.jpg,19
3318.jpg,19
3319.jpg,19
3320.jpg,19
3321.jpg,19
3322.jpg,19
3323.jpg,19
3324.jpg,19
3325.jpg,19
3326.jpg,19
3327.jpg,19
3328.jpg,19
3329.jpg,19
3330.jpg,19
3331.jpg,19
3332.jpg,19
3333.jpg,19
3334.jpg,19
3335.jpg,19
3336.jpg,19
3337.jpg,19
3338.jpg,19
3339.jpg,19
3340.jpg,19
3341.jpg,19
3342.jpg,19
3343.jpg,9
3344.jpg,19
3345.jpg,19
3346.jpg,19
3347.jpg,19
3348.jpg,19
3349.jpg,20
3350.jpg,19
3351.jpg,19
3352.jpg,19
3353.jpg,17
3354.jpg,19
3355.jpg,27
3356.jpg,19
3357.jpg,19
3358.jpg,19
3359.jpg,19
3360.jpg,14
3361.jpg,19
3362.jpg,19
3363.jpg,19
3364.jpg,19
3365.jpg,19
3366.jpg,19
3367.jpg,19
3368.jpg,20
3369.jpg,19
3370.jpg,19
3371.jpg,19
3372.jpg,18
3373.jpg,20
3374.jpg,20
3375.jpg,19
3376.jpg,17
3377.jpg,19
3378.jpg,19
3379.jpg,19
3380.jpg,19
3381.jpg,19
3382.jpg,19
3383.jpg,19
3384.jpg,19
3385.jpg,19
3386.jpg,19
3387.jpg,3
3388.jpg,4
3389.jpg,19
3390.jpg,20
3391.jpg,29
3392.jpg,19
3393.jpg,17
3394.jpg,19
3395.jpg,19
3396.jpg,29
3397.jpg,19
3398.jpg,11
3399.jpg,2
3400.jpg,19
3401.jpg,8
3402.jpg,19
3403.jpg,19
3404.jpg,17
3405.jpg,19
3406.jpg,19
3407.jpg,19
3408.jpg,19
3409.jpg,19
3410.jpg,12
3411.jpg,19
3412.jpg,19
3413.jpg,19
3414.jpg,19
3415.jpg,19
3416.jpg,19
3417.jpg,19
3418.jpg,19
3419.jpg,9
3420.jpg,20
3421.jpg,20
3422.jpg,19
3423.jpg,19
3424.jpg,20
3425.jpg,20
3426.jpg,20
3427.jpg,20
3428.jpg,20
3429.jpg,20
3430.jpg,20
3431.jpg,19
3432.jpg,20
3433.jpg,20
3434.jpg,20
3435.jpg,20
3436.jpg,20
3437.jpg,20
3438.jpg,20
3439.jpg,20
3440.jpg,20
3441.jpg,20
3442.jpg,20
3443.jpg,20
3444.jpg,20
3445.jpg,20
3446.jpg,20
3447.jpg,20
3448.jpg,20
3449.jpg,20
3450.jpg,20
3451.jpg,3
3452.jpg,20
3453.jpg,20
3454.jpg,20
3455.jpg,20
3456.jpg,20
3457.jpg,20
3458.jpg,20
3459.jpg,20
3460.jpg,20
3461.jpg,20
3462.jpg,20
3463.jpg,20
3464.jpg,20
3465.jpg,20
3466.jpg,20
3467.jpg,20
3468.jpg,20
3469.jpg,20
3470.jpg,20
3471.jpg,20
3472.jpg,20
3473.jpg,20
3474.jpg,20
3475.jpg,20
3476.jpg,20
3477.jpg,20
3478.jpg,20
3479.jpg,20
3480.jpg,20
3481.jpg,20
3482.jpg,20
3483.jpg,20
3484.jpg,20
3485.jpg,20
3486.jpg,3
3487.jpg,3
3488.jpg,20
3489.jpg,20
3490.jpg,20
3491.jpg,20
3492.jpg,20
3493.jpg,28
3494.jpg,20
3495.jpg,3
3496.jpg,25
3497.jpg,20
3498.jpg,20
3499.jpg,20
3500.jpg,20
3501.jpg,16
3502.jpg,20
3503.jpg,20
3504.jpg,20
3505.jpg,20
3506.jpg,20
3507.jpg,3
3508.jpg,20
3509.jpg,20
3510.jpg,20
3511.jpg,6
3512.jpg,20
3513.jpg,20
3514.jpg,3
3515.jpg,20
3516.jpg,20
3517.jpg,1
3518.jpg,20
3519.jpg,20
3520.jpg,20
3521.jpg,20
3522.jpg,20
3523.jpg,20
3524.jpg,20
3525.jpg,20
3526.jpg,20
3527.jpg,25
3528.jpg,20
3529.jpg,20
3530.jpg,20
3531.jpg,20
3532.jpg,1
3533.jpg,20
3534.jpg,23
3535.jpg,20
3536.jpg,20
3537.jpg,17
3538.jpg,20
3539.jpg,20
3540.jpg,20
3541.jpg,20
3542.jpg,25
3543.jpg,20
3544.jpg,28
3545.jpg,20
3546.jpg,20
3547.jpg,20
3548.jpg,20
3549.jpg,20
3550.jpg,20
3551.jpg,4
3552.jpg,20
3553.jpg,20
3554.jpg,20
3555.jpg,24
3556.jpg,24
3557.jpg,20
3558.jpg,17
3559.jpg,20
3560.jpg,20
3561.jpg,20
3562.jpg,20
3563.jpg,17
3564.jpg,20
3565.jpg,20
3566.jpg,20
3567.jpg,16
3568.jpg,20
3569.jpg,20
3570.jpg,20
3571.jpg,20
3572.jpg,16
3573.jpg,20
3574.jpg,20
3575.jpg,1
3576.jpg,20
3577.jpg,20
3578.jpg,20
3579.jpg,20
3580.jpg,20
3581.jpg,20
3582.jpg,20
3583.jpg,20
3584.jpg,20
3585.jpg,20
3586.jpg,20
3587.jpg,20
3588.jpg,20
3589.jpg,13
3590.jpg,21
3591.jpg,21
3592.jpg,18
3593.jpg,26
3594.jpg,18
3595.jpg,21
3596.jpg,28
3597.jpg,26
3598.jpg,17
3599.jpg,21
3600.jpg,26
3601.jpg,21
3602.jpg,6
3603.jpg,21
3604.jpg,18
3605.jpg,21
3606.jpg,25
3607.jpg,21
3608.jpg,21
3609.jpg,21
3610.jpg,21
3611.jpg,21
3612.jpg,21
3613.jpg,7
3614.jpg,26
3615.jpg,25
3616.jpg,21
3617.jpg,17
3618.jpg,21
3619.jpg,21
3620.jpg,21
3621.jpg,21
3622.jpg,21
3623.jpg,21
3624.jpg,21
3625.jpg,21
3626.jpg,21
3627.jpg,21
3628.jpg,13
3629.jpg,21
3630.jpg,21
3631.jpg,21
3632.jpg,21
3633.jpg,21
3634.jpg,21
3635.jpg,23
3636.jpg,21
3637.jpg,21
3638.jpg,21
3639.jpg,21
3640.jpg,27
3641.jpg,18
3642.jpg,21
3643.jpg,21
3644.jpg,21
3645.jpg,23
3646.jpg,21
3647.jpg,21
3648.jpg,21
3649.jpg,21
3650.jpg,21
3651.jpg,21
3652.jpg,21
3653.jpg,17
3654.jpg,21
3655.jpg,21
3656.jpg,21
3657.jpg,13
3658.jpg,21
3659.jpg,21
3660.jpg,21
3661.jpg,21
3662.jpg,25
3663.jpg,21
3664.jpg,21
3665.jpg,21
3666.jpg,21
3667.jpg,21
3668.jpg,21
3669.jpg,21
3670.jpg,21
3671.jpg,21
3672.jpg,21
3673.jpg,21
3674.jpg,21
3675.jpg,21
3676.jpg,21
3677.jpg,17
3678.jpg,17
3679.jpg,18
3680.jpg,4
3681.jpg,14
3682.jpg,21
3683.jpg,21
3684.jpg,21
3685.jpg,21
3686.jpg,21
3687.jpg,21
3688.jpg,21
3689.jpg,21
3690.jpg,21
3691.jpg,21
3692.jpg,25
3693.jpg,21
3694.jpg,16
3695.jpg,21
3696.jpg,21
3697.jpg,14
3698.jpg,21
3699.jpg,21
3700.jpg,21
3701.jpg,21
3702.jpg,21
3703.jpg,12
3704.jpg,21
3705.jpg,21
3706.jpg,21
3707.jpg,21
3708.jpg,21
3709.jpg,21
3710.jpg,21
3711.jpg,21
3712.jpg,21
3713.jpg,22
3714.jpg,22
3715.jpg,3
3716.jpg,22
3717.jpg,22
3718.jpg,22
3719.jpg,22
3720.jpg,22
3721.jpg,22
3722.jpg,22
3723.jpg,22
3724.jpg,22
3725.jpg,22
3726.jpg,22
3727.jpg,22
3728.jpg,22
3729.jpg,22
3730.jpg,22
3731.jpg,3
3732.jpg,22
3733.jpg,14
3734.jpg,22
3735.jpg,22
3736.jpg,22
3737.jpg,22
3738.jpg,22
3739.jpg,22
3740.jpg,22
3741.jpg,22
3742.jpg,22
3743.jpg,22
3744.jpg,22
3745.jpg,22
3746.jpg,22
3747.jpg,22
3748.jpg,22
3749.jpg,3
3750.jpg,22
3751.jpg,20
3752.jpg,22
3753.jpg,22
3754.jpg,22
3755.jpg,22
3756.jpg,22
3757.jpg,22
3758.jpg,22
3759.jpg,22
3760.jpg,22
3761.jpg,1
3762.jpg,22
3763.jpg,22
3764.jpg,22
3765.jpg,22
3766.jpg,22
3767.jpg,25
3768.jpg,22
3769.jpg,22
3770.jpg,22
3771.jpg,22
3772.jpg,25
3773.jpg,22
3774.jpg,22
3775.jpg,22
3776.jpg,3
3777.jpg,22
3778.jpg,22
3779.jpg,22
3780.jpg,22
3781.jpg,22
3782.jpg,22
3783.jpg,22
3784.jpg,22
3785.jpg,22
3786.jpg,22
3787.jpg,22
3788.jpg,22
3789.jpg,22
3790.jpg,22
3791.jpg,22
3792.jpg,22
3793.jpg,22
3794.jpg,22
3795.jpg,22
3796.jpg,22
3797.jpg,22
3798.jpg,21
3799.jpg,22
3800.jpg,22
3801.jpg,14
3802.jpg,22
3803.jpg,22
3804.jpg,22
3805.jpg,22
3806.jpg,22
3807.jpg,22
3808.jpg,22
3809.jpg,22
3810.jpg,22
3811.jpg,3
3812.jpg,22
3813.jpg,22
3814.jpg,22
3815.jpg,22
3816.jpg,22
3817.jpg,22
3818.jpg,22
3819.jpg,22
3820.jpg,14
3821.jpg,22
3822.jpg,22
3823.jpg,22
3824.jpg,22
3825.jpg,22
3826.jpg,22
3827.jpg,22
3828.jpg,22
3829.jpg,22
3830.jpg,22
3831.jpg,22
3832.jpg,22
3833.jpg,25
3834.jpg,22
3835.jpg,22
3836.jpg,22
3837.jpg,22
3838.jpg,22
3839.jpg,28
3840.jpg,22
3841.jpg,22
3842.jpg,22
3843.jpg,22
3844.jpg,22
3845.jpg,28
3846.jpg,22
3847.jpg,22
3848.jpg,22
3849.jpg,22
3850.jpg,22
3851.jpg,22
3852.jpg,22
3853.jpg,22
3854.jpg,22
3855.jpg,22
3856.jpg,22
3857.jpg,22
3858.jpg,22
3859.jpg,25
3860.jpg,22
3861.jpg,22
3862.jpg,11
3863.jpg,22
3864.jpg,3
3865.jpg,22
3866.jpg,22
3867.jpg,22
3868.jpg,22
3869.jpg,22
3870.jpg,22
3871.jpg,22
3872.jpg,22
3873.jpg,3
3874.jpg,22
3875.jpg,22
3876.jpg,22
3877.jpg,22
3878.jpg,22
3879.jpg,22
3880.jpg,22
3881.jpg,22
3882.jpg,22
3883.jpg,22
3884.jpg,22
3885.jpg,22
3886.jpg,22
3887.jpg,4
3888.jpg,22
3889.jpg,22
3890.jpg,22
3891.jpg,22
3892.jpg,22
3893.jpg,22
3894.jpg,22
3895.jpg,27
3896.jpg,22
3897.jpg,22
3898.jpg,22
3899.jpg,22
3900.jpg,22
3901.jpg,22
3902.jpg,22
3903.jpg,22
3904.jpg,20
3905.jpg,3
3906.jpg,22
3907.jpg,22
3908.jpg,22
3909.jpg,22
3910.jpg,6
3911.jpg,22
3912.jpg,22
3913.jpg,22
3914.jpg,22
3915.jpg,12
3916.jpg,22
3917.jpg,22
3918.jpg,22
3919.jpg,22
3920.jpg,22
3921.jpg,22
3922.jpg,22
3923.jpg,22
3924.jpg,20
3925.jpg,22
3926.jpg,22
3927.jpg,22
3928.jpg,23
3929.jpg,23
3930.jpg,23
3931.jpg,23
3932.jpg,23
3933.jpg,23
3934.jpg,23
3935.jpg,23
3936.jpg,23
3937.jpg,23
3938.jpg,23
3939.jpg,23
3940.jpg,23
3941.jpg,25
3942.jpg,23
3943.jpg,23
3944.jpg,23
3945.jpg,23
3946.jpg,29
3947.jpg,23
3948.jpg,23
3949.jpg,23
3950.jpg,23
3951.jpg,23
3952.jpg,23
3953.jpg,23
3954.jpg,23
3955.jpg,23
3956.jpg,29
3957.jpg,23
3958.jpg,27
3959.jpg,23
3960.jpg,18
3961.jpg,23
3962.jpg,23
3963.jpg,23
3964.jpg,23
3965.jpg,23
3966.jpg,23
3967.jpg,23
3968.jpg,23
3969.jpg,23
3970.jpg,23
3971.jpg,23
3972.jpg,23
3973.jpg,23
3974.jpg,23
3975.jpg,23
3976.jpg,23
3977.jpg,23
3978.jpg,13
3979.jpg,23
3980.jpg,23
3981.jpg,23
3982.jpg,23
3983.jpg,23
3984.jpg,23
3985.jpg,23
3986.jpg,23
3987.jpg,23
3988.jpg,23
3989.jpg,23
3990.jpg,23
3991.jpg,23
3992.jpg,23
3993.jpg,23
3994.jpg,23
3995.jpg,23
3996.jpg,13
3997.jpg,23
3998.jpg,23
3999.jpg,23
4000.jpg,23
4001.jpg,23
4002.jpg,23
4003.jpg,23
4004.jpg,23
4005.jpg,23
4006.jpg,23
4007.jpg,23
4008.jpg,23
4009.jpg,23
4010.jpg,23
4011.jpg,23
4012.jpg,23
4013.jpg,23
4014.jpg,23
4015.jpg,23
4016.jpg,23
4017.jpg,23
4018.jpg,23
4019.jpg,23
4020.jpg,23
4021.jpg,12
4022.jpg,23
4023.jpg,23
4024.jpg,23
4025.jpg,23
4026.jpg,23
4027.jpg,23
4028.jpg,23
4029.jpg,23
4030.jpg,23
4031.jpg,23
4032.jpg,23
4033.jpg,23
4034.jpg,23
4035.jpg,23
4036.jpg,23
4037.jpg,9
4038.jpg,23
4039.jpg,23
4040.jpg,23
4041.jpg,23
4042.jpg,23
4043.jpg,23
4044.jpg,23
4045.jpg,23
4046.jpg,25
4047.jpg,23
4048.jpg,23
4049.jpg,23
4050.jpg,23
4051.jpg,23
4052.jpg,23
4053.jpg,23
4054.jpg,23
4055.jpg,23
4056.jpg,23
4057.jpg,23
4058.jpg,23
4059.jpg,23
4060.jpg,23
4061.jpg,23
4062.jpg,23
4063.jpg,17
4064.jpg,23
4065.jpg,23
4066.jpg,23
4067.jpg,23
4068.jpg,23
4069.jpg,23
4070.jpg,23
4071.jpg,23
4072.jpg,23
4073.jpg,23
4074.jpg,23
4075.jpg,23
4076.jpg,23
4077.jpg,23
4078.jpg,23
4079.jpg,23
4080.jpg,23
4081.jpg,23
4082.jpg,23
4083.jpg,23
4084.jpg,23
4085.jpg,3
4086.jpg,23
4087.jpg,23
4088.jpg,23
4089.jpg,23
4090.jpg,23
4091.jpg,27
4092.jpg,23
4093.jpg,23
4094.jpg,23
4095.jpg,23
4096.jpg,23
4097.jpg,23
4098.jpg,23
4099.jpg,9
4100.jpg,23
4101.jpg,23
4102.jpg,23
4103.jpg,12
4104.jpg,23
4105.jpg,23
4106.jpg,23
4107.jpg,23
4108.jpg,23
4109.jpg,23
4110.jpg,23
4111.jpg,23
4112.jpg,23
4113.jpg,23
4114.jpg,13
4115.jpg,23
4116.jpg,23
4117.jpg,24
4118.jpg,24
4119.jpg,24
4120.jpg,24
4121.jpg,24
4122.jpg,24
4123.jpg,24
4124.jpg,13
4125.jpg,24
4126.jpg,24
4127.jpg,24
4128.jpg,24
4129.jpg,24
4130.jpg,24
4131.jpg,24
4132.jpg,24
4133.jpg,24
4134.jpg,24
4135.jpg,24
4136.jpg,24
4137.jpg,24
4138.jpg,24
4139.jpg,24
4140.jpg,24
4141.jpg,24
4142.jpg,24
4143.jpg,24
4144.jpg,24
4145.jpg,24
4146.jpg,24
4147.jpg,24
4148.jpg,24
4149.jpg,24
4150.jpg,24
4151.jpg,24
4152.jpg,24
4153.jpg,9
4154.jpg,27
4155.jpg,24
4156.jpg,24
4157.jpg,24
4158.jpg,24
4159.jpg,1
4160.jpg,24
4161.jpg,24
4162.jpg,24
4163.jpg,24
4164.jpg,24
4165.jpg,24
4166.jpg,24
4167.jpg,24
4168.jpg,24
4169.jpg,24
4170.jpg,24
4171.jpg,24
4172.jpg,24
4173.jpg,24
4174.jpg,24
4175.jpg,24
4176.jpg,24
4177.jpg,24
4178.jpg,24
4179.jpg,24
4180.jpg,24
4181.jpg,24
4182.jpg,24
4183.jpg,24
4184.jpg,24
4185.jpg,24
4186.jpg,24
4187.jpg,24
4188.jpg,24
4189.jpg,24
4190.jpg,24
4191.jpg,24
4192.jpg,24
4193.jpg,24
4194.jpg,24
4195.jpg,24
4196.jpg,24
4197.jpg,24
4198.jpg,24
4199.jpg,24
4200.jpg,24
4201.jpg,24
4202.jpg,24
4203.jpg,24
4204.jpg,24
4205.jpg,24
4206.jpg,1
4207.jpg,24
4208.jpg,24
4209.jpg,24
4210.jpg,24
4211.jpg,24
4212.jpg,8
4213.jpg,24
4214.jpg,24
4215.jpg,24
4216.jpg,24
4217.jpg,24
4218.jpg,24
4219.jpg,24
4220.jpg,24
4221.jpg,24
4222.jpg,22
4223.jpg,24
4224.jpg,24
4225.jpg,24
4226.jpg,9
4227.jpg,24
4228.jpg,24
4229.jpg,24
4230.jpg,24
4231.jpg,24
4232.jpg,24
4233.jpg,24
4234.jpg,24
4235.jpg,24
4236.jpg,27
4237.jpg,9
4238.jpg,24
4239.jpg,24
4240.jpg,6
4241.jpg,24
4242.jpg,24
4243.jpg,5
4244.jpg,24
4245.jpg,24
4246.jpg,24
4247.jpg,24
4248.jpg,24
4249.jpg,24
4250.jpg,24
4251.jpg,24
4252.jpg,24
4253.jpg,24
4254.jpg,24
4255.jpg,24
4256.jpg,24
4257.jpg,24
4258.jpg,24
4259.jpg,24
4260.jpg,24
4261.jpg,24
4262.jpg,24
4263.jpg,24
4264.jpg,24
4265.jpg,24
4266.jpg,24
4267.jpg,9
4268.jpg,24
4269.jpg,24
4270.jpg,4
4271.jpg,24
4272.jpg,24
4273.jpg,24
4274.jpg,24
4275.jpg,24
4276.jpg,24
4277.jpg,24
4278.jpg,24
4279.jpg,24
4280.jpg,24
4281.jpg,9
4282.jpg,24
4283.jpg,24
4284.jpg,24
4285.jpg,24
4286.jpg,24
4287.jpg,24
4288.jpg,24
4289.jpg,3
4290.jpg,16
4291.jpg,25
4292.jpg,25
4293.jpg,25
4294.jpg,25
4295.jpg,17
4296.jpg,25
4297.jpg,25
4298.jpg,25
4299.jpg,3
4300.jpg,25
4301.jpg,3
4302.jpg,25
4303.jpg,25
4304.jpg,25
4305.jpg,12
4306.jpg,25
4307.jpg,25
4308.jpg,25
4309.jpg,14
4310.jpg,25
4311.jpg,3
4312.jpg,25
4313.jpg,28
4314.jpg,25
4315.jpg,25
4316.jpg,25
4317.jpg,28
4318.jpg,28
4319.jpg,25
4320.jpg,25
4321.jpg,25
4322.jpg,25
4323.jpg,25
4324.jpg,25
4325.jpg,15
4326.jpg,20
4327.jpg,20
4328.jpg,3
4329.jpg,25
4330.jpg,25
4331.jpg,3
4332.jpg,17
4333.jpg,25
4334.jpg,25
4335.jpg,25
4336.jpg,25
4337.jpg,25
4338.jpg,28
4339.jpg,25
4340.jpg,25
4341.jpg,25
4342.jpg,25
4343.jpg,25
4344.jpg,25
4345.jpg,25
4346.jpg,25
4347.jpg,25
4348.jpg,25
4349.jpg,25
4350.jpg,25
4351.jpg,25
4352.jpg,25
4353.jpg,25
4354.jpg,25
4355.jpg,25
4356.jpg,25
4357.jpg,25
4358.jpg,3
4359.jpg,25
4360.jpg,25
4361.jpg,16
4362.jpg,16
4363.jpg,25
4364.jpg,28
4365.jpg,25
4366.jpg,25
4367.jpg,25
4368.jpg,25
4369.jpg,25
4370.jpg,25
4371.jpg,25
4372.jpg,25
4373.jpg,25
4374.jpg,25
4375.jpg,22
4376.jpg,25
4377.jpg,23
4378.jpg,16
4379.jpg,25
4380.jpg,12
4381.jpg,5
4382.jpg,16
4383.jpg,25
4384.jpg,25
4385.jpg,25
4386.jpg,25
4387.jpg,25
4388.jpg,28
4389.jpg,25
4390.jpg,17
4391.jpg,25
4392.jpg,25
4393.jpg,28
4394.jpg,25
4395.jpg,24
4396.jpg,25
4397.jpg,25
4398.jpg,25
4399.jpg,25
4400.jpg,25
4401.jpg,25
4402.jpg,3
4403.jpg,22
4404.jpg,25
4405.jpg,25
4406.jpg,25
4407.jpg,25
4408.jpg,25
4409.jpg,25
4410.jpg,16
4411.jpg,22
4412.jpg,25
4413.jpg,25
4414.jpg,3
4415.jpg,25
4416.jpg,25
4417.jpg,3
4418.jpg,25
4419.jpg,25
4420.jpg,28
4421.jpg,8
4422.jpg,25
4423.jpg,25
4424.jpg,17
4425.jpg,25
4426.jpg,25
4427.jpg,25
4428.jpg,16
4429.jpg,17
4430.jpg,25
4431.jpg,8
4432.jpg,20
4433.jpg,9
4434.jpg,25
4435.jpg,22
4436.jpg,25
4437.jpg,28
4438.jpg,14
4439.jpg,25
4440.jpg,25
4441.jpg,25
4442.jpg,16
4443.jpg,25
4444.jpg,25
4445.jpg,3
4446.jpg,25
4447.jpg,6
4448.jpg,28
4449.jpg,22
4450.jpg,25
4451.jpg,3
4452.jpg,25
4453.jpg,25
4454.jpg,28
4455.jpg,25
4456.jpg,25
4457.jpg,14
4458.jpg,6
4459.jpg,3
4460.jpg,25
4461.jpg,25
4462.jpg,25
4463.jpg,8
4464.jpg,25
4465.jpg,25
4466.jpg,25
4467.jpg,25
4468.jpg,18
4469.jpg,4
4470.jpg,25
4471.jpg,17
4472.jpg,28
4473.jpg,25
4474.jpg,25
4475.jpg,25
4476.jpg,3
4477.jpg,25
4478.jpg,25
4479.jpg,25
4480.jpg,20
4481.jpg,25
4482.jpg,25
4483.jpg,25
4484.jpg,28
4485.jpg,25
4486.jpg,17
4487.jpg,26
4488.jpg,26
4489.jpg,3
4490.jpg,26
4491.jpg,26
4492.jpg,17
4493.jpg,26
4494.jpg,26
4495.jpg,26
4496.jpg,26
4497.jpg,18
4498.jpg,26
4499.jpg,26
4500.jpg,29
4501.jpg,20
4502.jpg,26
4503.jpg,26
4504.jpg,25
4505.jpg,13
4506.jpg,26
4507.jpg,26
4508.jpg,17
4509.jpg,3
4510.jpg,26
4511.jpg,26
4512.jpg,26
4513.jpg,26
4514.jpg,3
4515.jpg,26
4516.jpg,26
4517.jpg,26
4518.jpg,25
4519.jpg,3
4520.jpg,26
4521.jpg,26
4522.jpg,26
4523.jpg,26
4524.jpg,26
4525.jpg,26
4526.jpg,26
4527.jpg,26
4528.jpg,26
4529.jpg,26
4530.jpg,26
4531.jpg,26
4532.jpg,26
4533.jpg,26
4534.jpg,26
4535.jpg,17
4536.jpg,26
4537.jpg,26
4538.jpg,17
4539.jpg,26
4540.jpg,13
4541.jpg,26
4542.jpg,18
4543.jpg,26
4544.jpg,26
4545.jpg,26
4546.jpg,26
4547.jpg,26
4548.jpg,26
4549.jpg,3
4550.jpg,26
4551.jpg,26
4552.jpg,26
4553.jpg,6
4554.jpg,26
4555.jpg,25
4556.jpg,17
4557.jpg,26
4558.jpg,26
4559.jpg,21
4560.jpg,13
4561.jpg,25
4562.jpg,26
4563.jpg,26
4564.jpg,26
4565.jpg,26
4566.jpg,26
4567.jpg,21
4568.jpg,3
4569.jpg,26
4570.jpg,17
4571.jpg,26
4572.jpg,12
4573.jpg,26
4574.jpg,26
4575.jpg,26
4576.jpg,17
4577.jpg,26
4578.jpg,13
4579.jpg,25
4580.jpg,25
4581.jpg,26
4582.jpg,26
4583.jpg,26
4584.jpg,26
4585.jpg,26
4586.jpg,26
4587.jpg,26
4588.jpg,26
4589.jpg,26
4590.jpg,25
4591.jpg,3
4592.jpg,3
4593.jpg,25
4594.jpg,26
4595.jpg,26
4596.jpg,26
4597.jpg,26
4598.jpg,13
4599.jpg,14
4600.jpg,26
4601.jpg,26
4602.jpg,21
4603.jpg,26
4604.jpg,13
4605.jpg,26
4606.jpg,26
4607.jpg,16
4608.jpg,25
4609.jpg,26
4610.jpg,26
4611.jpg,26
4612.jpg,26
4613.jpg,25
4614.jpg,9
4615.jpg,13
4616.jpg,3
4617.jpg,26
4618.jpg,14
4619.jpg,13
4620.jpg,26
4621.jpg,17
4622.jpg,26
4623.jpg,20
4624.jpg,21
4625.jpg,26
4626.jpg,21
4627.jpg,26
4628.jpg,26
4629.jpg,26
4630.jpg,26
4631.jpg,26
4632.jpg,26
4633.jpg,26
4634.jpg,21
4635.jpg,26
4636.jpg,13
4637.jpg,26
4638.jpg,26
4639.jpg,26
4640.jpg,20
4641.jpg,3
4642.jpg,14
4643.jpg,26
4644.jpg,26
4645.jpg,26
4646.jpg,26
4647.jpg,26
4648.jpg,17
4649.jpg,26
4650.jpg,26
4651.jpg,26
4652.jpg,13
4653.jpg,26
4654.jpg,26
4655.jpg,26
4656.jpg,26
4657.jpg,26
4658.jpg,26
4659.jpg,3
4660.jpg,26
4661.jpg,26
4662.jpg,26
4663.jpg,4
4664.jpg,27
4665.jpg,10
4666.jpg,27
4667.jpg,27
4668.jpg,27
4669.jpg,27
4670.jpg,4
4671.jpg,27
4672.jpg,25
4673.jpg,6
4674.jpg,27
4675.jpg,24
4676.jpg,27
4677.jpg,27
4678.jpg,4
4679.jpg,27
4680.jpg,27
4681.jpg,27
4682.jpg,16
4683.jpg,27
4684.jpg,27
4685.jpg,27
4686.jpg,27
4687.jpg,27
4688.jpg,27
4689.jpg,27
4690.jpg,27
4691.jpg,27
4692.jpg,21
4693.jpg,27
4694.jpg,24
4695.jpg,11
4696.jpg,27
4697.jpg,27
4698.jpg,27
4699.jpg,27
4700.jpg,27
4701.jpg,27
4702.jpg,8
4703.jpg,27
4704.jpg,27
4705.jpg,27
4706.jpg,27
4707.jpg,27
4708.jpg,27
4709.jpg,12
4710.jpg,27
4711.jpg,27
4712.jpg,27
4713.jpg,27
4714.jpg,27
4715.jpg,27
4716.jpg,27
4717.jpg,27
4718.jpg,4
4719.jpg,24
4720.jpg,24
4721.jpg,27
4722.jpg,27
4723.jpg,27
4724.jpg,27
4725.jpg,27
4726.jpg,17
4727.jpg,24
4728.jpg,27
4729.jpg,27
4730.jpg,27
4731.jpg,8
4732.jpg,1
4733.jpg,27
4734.jpg,27
4735.jpg,27
4736.jpg,27
4737.jpg,27
4738.jpg,13
4739.jpg,27
4740.jpg,27
4741.jpg,27
4742.jpg,27
4743.jpg,27
4744.jpg,27
4745.jpg,27
4746.jpg,27
4747.jpg,27
4748.jpg,27
4749.jpg,27
4750.jpg,11
4751.jpg,20
4752.jpg,6
4753.jpg,24
4754.jpg,27
4755.jpg,27
4756.jpg,27
4757.jpg,11
4758.jpg,5
4759.jpg,11
4760.jpg,27
4761.jpg,27
4762.jpg,27
4763.jpg,27
4764.jpg,5
4765.jpg,27
4766.jpg,27
4767.jpg,27
4768.jpg,27
4769.jpg,27
4770.jpg,27
4771.jpg,27
4772.jpg,25
4773.jpg,28
4774.jpg,28
4775.jpg,28
4776.jpg,28
4777.jpg,28
4778.jpg,3
4779.jpg,28
4780.jpg,3
4781.jpg,28
4782.jpg,28
4783.jpg,28
4784.jpg,28
4785.jpg,28
4786.jpg,28
4787.jpg,28
4788.jpg,28
4789.jpg,28
4790.jpg,22
4791.jpg,3
4792.jpg,28
4793.jpg,28
4794.jpg,28
4795.jpg,28
4796.jpg,28
4797.jpg,14
4798.jpg,28
4799.jpg,28
4800.jpg,28
4801.jpg,28
4802.jpg,28
4803.jpg,20
4804.jpg,28
4805.jpg,28
4806.jpg,14
4807.jpg,20
4808.jpg,28
4809.jpg,28
4810.jpg,20
4811.jpg,28
4812.jpg,28
4813.jpg,28
4814.jpg,28
4815.jpg,22
4816.jpg,14
4817.jpg,28
4818.jpg,28
4819.jpg,3
4820.jpg,28
4821.jpg,28
4822.jpg,28
4823.jpg,28
4824.jpg,28
4825.jpg,28
4826.jpg,28
4827.jpg,28
4828.jpg,28
4829.jpg,28
4830.jpg,28
4831.jpg,28
4832.jpg,28
4833.jpg,17
4834.jpg,28
4835.jpg,28
4836.jpg,28
4837.jpg,25
4838.jpg,28
4839.jpg,28
4840.jpg,28
4841.jpg,28
4842.jpg,28
4843.jpg,28
4844.jpg,3
4845.jpg,17
4846.jpg,20
4847.jpg,28
4848.jpg,28
4849.jpg,28
4850.jpg,28
4851.jpg,28
4852.jpg,25
4853.jpg,14
4854.jpg,14
4855.jpg,20
4856.jpg,14
4857.jpg,28
4858.jpg,28
4859.jpg,28
4860.jpg,14
4861.jpg,28
4862.jpg,28
4863.jpg,25
4864.jpg,3
4865.jpg,28
4866.jpg,28
4867.jpg,28
4868.jpg,28
4869.jpg,10
4870.jpg,28
4871.jpg,28
4872.jpg,28
4873.jpg,28
4874.jpg,28
4875.jpg,28
4876.jpg,3
4877.jpg,3
4878.jpg,3
4879.jpg,28
4880.jpg,28
4881.jpg,3
4882.jpg,28
4883.jpg,28
4884.jpg,17
4885.jpg,28
4886.jpg,14
4887.jpg,28
4888.jpg,28
4889.jpg,3
4890.jpg,28
4891.jpg,28
4892.jpg,28
4893.jpg,28
4894.jpg,28
4895.jpg,28
4896.jpg,25
4897.jpg,28
4898.jpg,28
4899.jpg,15
4900.jpg,28
4901.jpg,28
4902.jpg,28
4903.jpg,28
4904.jpg,28
4905.jpg,28
4906.jpg,28
4907.jpg,28
4908.jpg,3
4909.jpg,25
4910.jpg,4
4911.jpg,25
4912.jpg,28
4913.jpg,28
4914.jpg,13
4915.jpg,28
4916.jpg,5
4917.jpg,28
4918.jpg,28
4919.jpg,9
4920.jpg,18
4921.jpg,28
4922.jpg,14
4923.jpg,28
4924.jpg,28
4925.jpg,3
4926.jpg,14
4927.jpg,28
4928.jpg,28
4929.jpg,28
4930.jpg,28
4931.jpg,28
4932.jpg,25
4933.jpg,28
4934.jpg,29
4935.jpg,29
4936.jpg,29
4937.jpg,29
4938.jpg,29
4939.jpg,29
4940.jpg,29
4941.jpg,29
4942.jpg,29
4943.jpg,29
4944.jpg,29
4945.jpg,29
4946.jpg,29
4947.jpg,29
4948.jpg,29
4949.jpg,29
4950.jpg,29
4951.jpg,13
4952.jpg,24
4953.jpg,29
4954.jpg,29
4955.jpg,29
4956.jpg,29
4957.jpg,29
4958.jpg,29
4959.jpg,29
4960.jpg,29
4961.jpg,5
4962.jpg,29
4963.jpg,29
4964.jpg,29
4965.jpg,29
4966.jpg,29
4967.jpg,29
4968.jpg,29
4969.jpg,29
4970.jpg,29
4971.jpg,29
4972.jpg,29
4973.jpg,29
4974.jpg,29
4975.jpg,29
4976.jpg,29
4977.jpg,29
4978.jpg,29
4979.jpg,29
4980.jpg,29
4981.jpg,29
4982.jpg,29
4983.jpg,29
4984.jpg,29
4985.jpg,29
4986.jpg,29
4987.jpg,29
4988.jpg,29
4989.jpg,29
4990.jpg,29
4991.jpg,29
4992.jpg,29
4993.jpg,29
4994.jpg,29
4995.jpg,29
4996.jpg,29
4997.jpg,29
4998.jpg,15
4999.jpg,29
5000.jpg,29
5001.jpg,29
5002.jpg,29
5003.jpg,2
5004.jpg,23
5005.jpg,29
5006.jpg,29
5007.jpg,29
5008.jpg,29
5009.jpg,29
5010.jpg,29
5011.jpg,29
5012.jpg,29
5013.jpg,29
5014.jpg,29
5015.jpg,29
5016.jpg,29
5017.jpg,29
5018.jpg,29
5019.jpg,29
5020.jpg,13
5021.jpg,29
5022.jpg,29
5023.jpg,29
5024.jpg,29
5025.jpg,29
5026.jpg,29
5027.jpg,29
5028.jpg,29
5029.jpg,29
5030.jpg,29
5031.jpg,29
5032.jpg,29
5033.jpg,13
5034.jpg,29
5035.jpg,29
5036.jpg,29
5037.jpg,29
5038.jpg,29
