1.jpg,0
11.jpg,0
12.jpg,0
13.jpg,0
14.jpg,0
15.jpg,0
16.jpg,0
17.jpg,0
18.jpg,0
19.jpg,0
2.jpg,0
20.jpg,0
21.jpg,0
22.jpg,0
23.jpg,0
24.jpg,0
25.jpg,0
26.jpg,0
27.jpg,0
28.jpg,0
29.jpg,0
3.jpg,0
30.jpg,0
31.jpg,0
32.jpg,0
33.jpg,0
34.jpg,0
35.jpg,0
36.jpg,0
37.jpg,0
38.jpg,0
39.jpg,0
4.jpg,0
40.jpg,0
41.jpg,0
42.jpg,0
43.jpg,0
44.jpg,0
45.jpg,0
46.jpg,0
47.jpg,0
48.jpg,0
49.jpg,0
5.jpg,0
50.jpg,0
51.jpg,0
52.jpg,0
53.jpg,0
54.jpg,0
55.jpg,0
56.jpg,0
57.jpg,0
58.jpg,0
59.jpg,0
6.jpg,0
60.jpg,0
61.jpg,0
62.jpg,0
63.jpg,0
7.jpg,0
8.jpg,0
9.jpg,0
100.jpg,1
101.jpg,1
102.jpg,1
103.jpg,1
104.jpg,1
105.jpg,1
106.jpg,1
107.jpg,1
108.jpg,1
109.jpg,1
110.jpg,1
111.jpg,1
112.jpg,1
113.jpg,1
114.jpg,1
115.jpg,1
116.jpg,1
117.jpg,1
118.jpg,1
119.jpg,1
120.jpg,1
121.jpg,1
122.jpg,1
123.jpg,1
124.jpg,1
125.jpg,1
126.jpg,1
127.jpg,1
128.jpg,1
129.jpg,1
130.jpg,1
131.jpg,1
132.jpg,1
65.jpg,1
66.jpg,1
67.jpg,1
68.jpg,1
69.jpg,1
70.jpg,1
71.jpg,1
72.jpg,1
73.jpg,1
74.jpg,1
75.jpg,1
76.jpg,1
77.jpg,1
78.jpg,1
79.jpg,1
80.jpg,1
81.jpg,1
82.jpg,1
83.jpg,1
84.jpg,1
85.jpg,1
86.jpg,1
87.jpg,1
88.jpg,1
89.jpg,1
90.jpg,1
91.jpg,1
92.jpg,1
93.jpg,1
94.jpg,1
95.jpg,1
96.jpg,1
97.jpg,1
98.jpg,1
99.jpg,1
134.jpg,2
135.jpg,2
136.jpg,2
137.jpg,2
138.jpg,2
139.jpg,2
140.jpg,2
141.jpg,2
142.jpg,2
143.jpg,2
144.jpg,2
145.jpg,2
146.jpg,2
147.jpg,2
148.jpg,2
149.jpg,2
150.jpg,2
151.jpg,2
152.jpg,2
153.jpg,2
154.jpg,2
155.jpg,2
156.jpg,2
157.jpg,2
158.jpg,2
159.jpg,2
160.jpg,2
161.jpg,2
162.jpg,2
163.jpg,2
164.jpg,2
165.jpg,2
166.jpg,2
167.jpg,2
168.jpg,2
169.jpg,2
170.jpg,2
171.jpg,2
172.jpg,2
173.jpg,2
174.jpg,2
175.jpg,2
176.jpg,2
177.jpg,2
178.jpg,2
179.jpg,2
180.jpg,2
181.jpg,2
182.jpg,2
183.jpg,2
184.jpg,2
185.jpg,2
186.jpg,2
187.jpg,2
188.jpg,2
189.jpg,2
190.jpg,2
191.jpg,2
192.jpg,2
193.jpg,2
194.jpg,2
195.jpg,2
196.jpg,2
197.jpg,2
198.jpg,2
199.jpg,2
200.jpg,2
201.jpg,2
202.jpg,2
203.jpg,2
204.jpg,2
205.jpg,3
206.jpg,3
207.jpg,3
208.jpg,3
209.jpg,3
210.jpg,3
211.jpg,3
212.jpg,3
213.jpg,3
214.jpg,3
215.jpg,3
216.jpg,3
217.jpg,3
218.jpg,3
219.jpg,3
220.jpg,3
221.jpg,3
222.jpg,3
223.jpg,3
224.jpg,3
225.jpg,3
226.jpg,3
227.jpg,3
228.jpg,3
229.jpg,3
230.jpg,3
231.jpg,3
232.jpg,3
233.jpg,3
234.jpg,3
235.jpg,3
236.jpg,3
237.jpg,3
238.jpg,3
239.jpg,3
240.jpg,3
241.jpg,3
242.jpg,3
243.jpg,3
244.jpg,3
245.jpg,3
246.jpg,3
247.jpg,3
248.jpg,3
249.jpg,3
250.jpg,3
251.jpg,3
252.jpg,3
253.jpg,3
254.jpg,3
255.jpg,3
256.jpg,3
257.jpg,3
258.jpg,3
259.jpg,3
260.jpg,3
261.jpg,3
262.jpg,3
263.jpg,3
264.jpg,3
265.jpg,3
266.jpg,3
267.jpg,3
268.jpg,3
269.jpg,3
270.jpg,3
271.jpg,3
272.jpg,3
273.jpg,3
274.jpg,3
275.jpg,3
276.jpg,3
277.jpg,3
278.jpg,3
279.jpg,3
280.jpg,3
281.jpg,3
282.jpg,3
283.jpg,3
284.jpg,3
285.jpg,3
286.jpg,3
287.jpg,3
288.jpg,3
289.jpg,3
290.jpg,3
291.jpg,3
292.jpg,3
293.jpg,3
294.jpg,3
295.jpg,3
296.jpg,3
297.jpg,3
298.jpg,3
299.jpg,3
301.jpg,4
302.jpg,4
303.jpg,4
304.jpg,4
305.jpg,4
306.jpg,4
307.jpg,4
308.jpg,4
309.jpg,4
310.jpg,4
311.jpg,4
312.jpg,4
313.jpg,4
314.jpg,4
315.jpg,4
316.jpg,4
317.jpg,4
318.jpg,4
319.jpg,4
320.jpg,4
321.jpg,4
322.jpg,4
323.jpg,4
324.jpg,4
325.jpg,4
326.jpg,4
327.jpg,4
328.jpg,4
329.jpg,4
330.jpg,4
331.jpg,4
332.jpg,4
333.jpg,4
334.jpg,4
335.jpg,4
336.jpg,4
337.jpg,4
338.jpg,4
339.jpg,4
340.jpg,4
341.jpg,4
342.jpg,4
344.jpg,5
345.jpg,5
346.jpg,5
347.jpg,5
348.jpg,5
349.jpg,5
350.jpg,5
351.jpg,5
352.jpg,5
353.jpg,5
354.jpg,5
355.jpg,5
356.jpg,5
357.jpg,5
358.jpg,5
359.jpg,5
360.jpg,5
361.jpg,5
362.jpg,5
363.jpg,5
364.jpg,5
365.jpg,5
366.jpg,5
367.jpg,5
368.jpg,5
369.jpg,5
370.jpg,5
371.jpg,5
372.jpg,5
373.jpg,5
374.jpg,5
375.jpg,5
376.jpg,5
377.jpg,5
378.jpg,5
379.jpg,5
380.jpg,5
381.jpg,5
382.jpg,5
383.jpg,5
384.jpg,5
385.jpg,5
386.jpg,5
387.jpg,5
388.jpg,5
389.jpg,5
390.jpg,5
391.jpg,5
392.jpg,5
393.jpg,5
394.jpg,5
395.jpg,5
396.jpg,5
397.jpg,5
398.jpg,5
399.jpg,5
400.jpg,5
401.jpg,5
402.jpg,5
403.jpg,5
404.jpg,5
405.jpg,5
406.jpg,5
407.jpg,5
408.jpg,5
409.jpg,5
410.jpg,5
411.jpg,5
412.jpg,5
413.jpg,5
414.jpg,5
415.jpg,5
416.jpg,5
417.jpg,5
418.jpg,5
419.jpg,5
420.jpg,5
421.jpg,5
422.jpg,5
423.jpg,5
424.jpg,5
425.jpg,5
426.jpg,5
427.jpg,5
428.jpg,5
429.jpg,5
430.jpg,5
431.jpg,5
432.jpg,5
433.jpg,5
434.jpg,5
435.jpg,5
436.jpg,5
437.jpg,5
438.jpg,5
439.jpg,5
440.jpg,5
441.jpg,5
442.jpg,5
443.jpg,5
444.jpg,5
445.jpg,5
446.jpg,5
447.jpg,5
449.jpg,6
450.jpg,6
451.jpg,6
452.jpg,6
453.jpg,6
454.jpg,6
455.jpg,6
456.jpg,6
457.jpg,6
458.jpg,6
459.jpg,6
460.jpg,6
461.jpg,6
462.jpg,6
463.jpg,6
464.jpg,6
465.jpg,6
466.jpg,6
467.jpg,6
468.jpg,6
469.jpg,6
470.jpg,6
471.jpg,6
472.jpg,6
473.jpg,6
474.jpg,6
475.jpg,6
476.jpg,6
477.jpg,6
478.jpg,6
479.jpg,6
480.jpg,6
481.jpg,6
482.jpg,6
483.jpg,6
484.jpg,6
485.jpg,6
486.jpg,6
487.jpg,6
488.jpg,6
489.jpg,6
490.jpg,6
491.jpg,6
492.jpg,6
493.jpg,6
494.jpg,6
495.jpg,6
496.jpg,6
497.jpg,6
498.jpg,6
499.jpg,6
500.jpg,6
501.jpg,6
502.jpg,6
503.jpg,6
504.jpg,6
506.jpg,7
507.jpg,7
508.jpg,7
509.jpg,7
510.jpg,7
511.jpg,7
512.jpg,7
513.jpg,7
514.jpg,7
515.jpg,7
516.jpg,7
517.jpg,7
518.jpg,7
519.jpg,7
520.jpg,7
521.jpg,7
522.jpg,7
523.jpg,7
524.jpg,7
525.jpg,7
526.jpg,7
527.jpg,7
528.jpg,7
529.jpg,7
530.jpg,7
531.jpg,7
532.jpg,7
533.jpg,7
534.jpg,7
535.jpg,7
536.jpg,7
537.jpg,7
538.jpg,7
539.jpg,7
540.jpg,7
541.jpg,7
542.jpg,7
543.jpg,7
544.jpg,7
545.jpg,7
546.jpg,7
547.jpg,7
548.jpg,7
549.jpg,7
550.jpg,7
551.jpg,7
552.jpg,7
553.jpg,7
554.jpg,7
555.jpg,7
556.jpg,7
557.jpg,7
558.jpg,7
559.jpg,7
560.jpg,7
562.jpg,8
563.jpg,8
564.jpg,8
565.jpg,8
566.jpg,8
567.jpg,8
568.jpg,8
569.jpg,8
570.jpg,8
571.jpg,8
572.jpg,8
573.jpg,8
574.jpg,8
575.jpg,8
576.jpg,8
577.jpg,8
578.jpg,8
579.jpg,8
580.jpg,8
581.jpg,8
582.jpg,8
583.jpg,8
584.jpg,8
585.jpg,8
586.jpg,8
587.jpg,8
588.jpg,8
589.jpg,8
590.jpg,8
591.jpg,8
592.jpg,8
593.jpg,8
594.jpg,8
595.jpg,8
596.jpg,8
597.jpg,8
598.jpg,8
599.jpg,8
600.jpg,8
601.jpg,8
602.jpg,8
603.jpg,8
604.jpg,8
605.jpg,8
606.jpg,8
607.jpg,8
608.jpg,8
609.jpg,8
610.jpg,8
611.jpg,8
612.jpg,8
613.jpg,8
614.jpg,8
615.jpg,8
616.jpg,8
617.jpg,8
618.jpg,8
619.jpg,8
620.jpg,8
621.jpg,8
622.jpg,8
623.jpg,8
624.jpg,8
625.jpg,8
626.jpg,8
627.jpg,8
628.jpg,8
629.jpg,8
630.jpg,8
632.jpg,9
633.jpg,9
634.jpg,9
635.jpg,9
636.jpg,9
637.jpg,9
638.jpg,9
639.jpg,9
640.jpg,9
641.jpg,9
642.jpg,9
643.jpg,9
644.jpg,9
645.jpg,9
646.jpg,9
647.jpg,9
648.jpg,9
649.jpg,9
650.jpg,9
651.jpg,9
652.jpg,9
653.jpg,9
654.jpg,9
655.jpg,9
656.jpg,9
657.jpg,9
658.jpg,9
659.jpg,9
660.jpg,9
661.jpg,9
662.jpg,9
663.jpg,9
664.jpg,9
665.jpg,9
666.jpg,9
667.jpg,9
668.jpg,9
669.jpg,9
670.jpg,9
671.jpg,9
672.jpg,9
673.jpg,9
674.jpg,9
675.jpg,9
676.jpg,9
677.jpg,9
678.jpg,9
679.jpg,9
680.jpg,9
681.jpg,9
682.jpg,9
683.jpg,9
684.jpg,9
685.jpg,9
686.jpg,9
687.jpg,9
688.jpg,9
689.jpg,9
690.jpg,9
691.jpg,9
692.jpg,9
693.jpg,9
694.jpg,9
695.jpg,9
696.jpg,9
697.jpg,9
698.jpg,9
699.jpg,9
700.jpg,9
701.jpg,9
702.jpg,9
703.jpg,9
704.jpg,9
705.jpg,9
706.jpg,9
707.jpg,9
708.jpg,9
709.jpg,9
710.jpg,9
711.jpg,9
712.jpg,9
713.jpg,9
714.jpg,9
715.jpg,9
716.jpg,9
717.jpg,9
718.jpg,9
719.jpg,9
720.jpg,9
721.jpg,9
722.jpg,9
723.jpg,9
724.jpg,9
725.jpg,9
726.jpg,9
727.jpg,9
728.jpg,9
729.jpg,9
730.jpg,9
731.jpg,9
732.jpg,9
733.jpg,9
734.jpg,9
735.jpg,9
736.jpg,9
737.jpg,9
738.jpg,9
739.jpg,9
740.jpg,9
741.jpg,9
742.jpg,9
743.jpg,9
744.jpg,9
745.jpg,9
746.jpg,9
747.jpg,9
748.jpg,9
749.jpg,9
750.jpg,9
751.jpg,9
752.jpg,9
753.jpg,9
755.jpg,10
756.jpg,10
757.jpg,10
758.jpg,10
759.jpg,10
760.jpg,10
761.jpg,10
762.jpg,10
763.jpg,10
764.jpg,10
765.jpg,10
766.jpg,10
767.jpg,10
768.jpg,10
769.jpg,10
770.jpg,10
771.jpg,10
772.jpg,10
773.jpg,10
774.jpg,10
775.jpg,10
776.jpg,10
777.jpg,10
778.jpg,10
779.jpg,10
780.jpg,10
781.jpg,10
782.jpg,10
783.jpg,10
784.jpg,10
785.jpg,10
786.jpg,10
787.jpg,10
788.jpg,10
789.jpg,10
790.jpg,10
791.jpg,10
792.jpg,10
793.jpg,10
794.jpg,10
795.jpg,10
796.jpg,10
798.jpg,11
799.jpg,11
800.jpg,11
801.jpg,11
802.jpg,11
803.jpg,11
804.jpg,11
805.jpg,11
806.jpg,11
807.jpg,11
808.jpg,11
809.jpg,11
810.jpg,11
811.jpg,11
812.jpg,11
813.jpg,11
814.jpg,11
815.jpg,11
816.jpg,11
817.jpg,11
818.jpg,11
819.jpg,11
820.jpg,11
821.jpg,11
822.jpg,11
823.jpg,11
824.jpg,11
825.jpg,11
826.jpg,11
827.jpg,11
828.jpg,11
829.jpg,11
830.jpg,11
831.jpg,11
832.jpg,11
833.jpg,11
834.jpg,11
835.jpg,11
836.jpg,11
837.jpg,11
838.jpg,11
839.jpg,11
840.jpg,11
841.jpg,11
842.jpg,11
843.jpg,11
844.jpg,11
845.jpg,11
846.jpg,11
847.jpg,11
848.jpg,11
849.jpg,11
850.jpg,11
851.jpg,11
852.jpg,11
853.jpg,11
854.jpg,11
855.jpg,11
856.jpg,11
857.jpg,11
858.jpg,11
859.jpg,11
860.jpg,11
861.jpg,11
862.jpg,11
864.jpg,12
865.jpg,12
866.jpg,12
867.jpg,12
868.jpg,12
869.jpg,12
870.jpg,12
871.jpg,12
872.jpg,12
873.jpg,12
874.jpg,12
875.jpg,12
876.jpg,12
877.jpg,12
878.jpg,12
879.jpg,12
880.jpg,12
881.jpg,12
882.jpg,12
883.jpg,12
884.jpg,12
885.jpg,12
886.jpg,12
887.jpg,12
888.jpg,12
889.jpg,12
890.jpg,12
891.jpg,12
892.jpg,12
893.jpg,12
894.jpg,12
895.jpg,12
896.jpg,12
897.jpg,12
898.jpg,12
899.jpg,12
900.jpg,12
901.jpg,12
902.jpg,12
903.jpg,12
904.jpg,12
905.jpg,12
906.jpg,12
907.jpg,12
908.jpg,12
909.jpg,12
910.jpg,12
911.jpg,12
912.jpg,12
913.jpg,12
914.jpg,12
915.jpg,12
916.jpg,12
917.jpg,12
918.jpg,12
919.jpg,12
920.jpg,12
921.jpg,12
922.jpg,12
923.jpg,12
924.jpg,12
925.jpg,12
926.jpg,12
927.jpg,12
928.jpg,12
929.jpg,12
930.jpg,12
931.jpg,12
932.jpg,12
933.jpg,12
934.jpg,12
935.jpg,12
936.jpg,12
937.jpg,12
938.jpg,12
939.jpg,12
940.jpg,12
1000.jpg,13
1001.jpg,13
1002.jpg,13
1003.jpg,13
1004.jpg,13
1005.jpg,13
1006.jpg,13
1007.jpg,13
1008.jpg,13
1009.jpg,13
1010.jpg,13
1011.jpg,13
1012.jpg,13
1013.jpg,13
1014.jpg,13
1015.jpg,13
1016.jpg,13
1017.jpg,13
1018.jpg,13
1019.jpg,13
1020.jpg,13
1021.jpg,13
1022.jpg,13
1023.jpg,13
1024.jpg,13
1025.jpg,13
1026.jpg,13
1027.jpg,13
1028.jpg,13
1029.jpg,13
1030.jpg,13
1031.jpg,13
1032.jpg,13
1033.jpg,13
1034.jpg,13
1035.jpg,13
1036.jpg,13
1037.jpg,13
1038.jpg,13
1039.jpg,13
1040.jpg,13
1041.jpg,13
1042.jpg,13
1043.jpg,13
1044.jpg,13
1045.jpg,13
1046.jpg,13
1047.jpg,13
1048.jpg,13
1049.jpg,13
1050.jpg,13
1051.jpg,13
1052.jpg,13
1053.jpg,13
1054.jpg,13
1055.jpg,13
942.jpg,13
943.jpg,13
944.jpg,13
945.jpg,13
946.jpg,13
947.jpg,13
948.jpg,13
949.jpg,13
950.jpg,13
951.jpg,13
952.jpg,13
953.jpg,13
954.jpg,13
955.jpg,13
956.jpg,13
957.jpg,13
958.jpg,13
959.jpg,13
960.jpg,13
961.jpg,13
962.jpg,13
963.jpg,13
964.jpg,13
965.jpg,13
966.jpg,13
967.jpg,13
968.jpg,13
969.jpg,13
970.jpg,13
971.jpg,13
972.jpg,13
973.jpg,13
974.jpg,13
975.jpg,13
976.jpg,13
977.jpg,13
978.jpg,13
979.jpg,13
980.jpg,13
981.jpg,13
982.jpg,13
983.jpg,13
984.jpg,13
985.jpg,13
986.jpg,13
987.jpg,13
988.jpg,13
989.jpg,13
990.jpg,13
991.jpg,13
992.jpg,13
993.jpg,13
994.jpg,13
995.jpg,13
996.jpg,13
997.jpg,13
998.jpg,13
999.jpg,13
1057.jpg,14
1058.jpg,14
1059.jpg,14
1060.jpg,14
1061.jpg,14
1062.jpg,14
1063.jpg,14
1064.jpg,14
1065.jpg,14
1066.jpg,14
1067.jpg,14
1068.jpg,14
1069.jpg,14
1070.jpg,14
1071.jpg,14
1072.jpg,14
1073.jpg,14
1074.jpg,14
1075.jpg,14
1076.jpg,14
1077.jpg,14
1078.jpg,14
1079.jpg,14
1080.jpg,14
1081.jpg,14
1082.jpg,14
1083.jpg,14
1084.jpg,14
1085.jpg,14
1086.jpg,14
1087.jpg,14
1088.jpg,14
1089.jpg,14
1090.jpg,14
1091.jpg,14
1092.jpg,14
1093.jpg,14
1094.jpg,14
1095.jpg,14
1096.jpg,14
1097.jpg,14
1098.jpg,14
1099.jpg,14
1100.jpg,14
1101.jpg,14
1102.jpg,14
1103.jpg,14
1104.jpg,14
1105.jpg,14
1106.jpg,14
1107.jpg,14
1108.jpg,14
1109.jpg,14
1110.jpg,14
1111.jpg,14
1112.jpg,14
1113.jpg,14
1114.jpg,14
1115.jpg,14
1116.jpg,14
1117.jpg,14
1118.jpg,14
1119.jpg,14
1120.jpg,14
1121.jpg,14
1122.jpg,14
1123.jpg,14
1124.jpg,14
1125.jpg,14
1126.jpg,14
1127.jpg,14
1128.jpg,14
1129.jpg,14
1130.jpg,14
1131.jpg,14
1132.jpg,14
1133.jpg,14
1134.jpg,14
1135.jpg,14
1136.jpg,14
1137.jpg,14
1138.jpg,14
1139.jpg,14
1140.jpg,14
1141.jpg,14
1142.jpg,14
1143.jpg,14
1144.jpg,14
1145.jpg,14
1146.jpg,14
1147.jpg,14
1148.jpg,14
1149.jpg,14
1150.jpg,14
1151.jpg,14
1152.jpg,14
1153.jpg,14
1154.jpg,14
1155.jpg,14
1156.jpg,14
1157.jpg,14
1158.jpg,14
1159.jpg,14
1160.jpg,14
1161.jpg,14
1162.jpg,14
1163.jpg,14
1164.jpg,14
1165.jpg,14
1166.jpg,14
1167.jpg,14
1168.jpg,14
1169.jpg,14
1170.jpg,14
1171.jpg,14
1172.jpg,14
1173.jpg,14
1174.jpg,14
1175.jpg,14
1176.jpg,14
1177.jpg,14
1178.jpg,14
1179.jpg,14
1180.jpg,14
1181.jpg,14
1182.jpg,14
1183.jpg,14
1184.jpg,14
1185.jpg,14
1186.jpg,14
1187.jpg,14
1188.jpg,14
1189.jpg,14
1190.jpg,14
1191.jpg,14
1192.jpg,14
1193.jpg,14
1194.jpg,14
1195.jpg,14
1196.jpg,14
1197.jpg,14
1198.jpg,14
1199.jpg,14
1200.jpg,14
1201.jpg,14
1202.jpg,14
1204.jpg,15
1205.jpg,15
1206.jpg,15
1207.jpg,15
1208.jpg,15
1209.jpg,15
1210.jpg,15
1211.jpg,15
1212.jpg,15
1213.jpg,15
1214.jpg,15
1215.jpg,15
1216.jpg,15
1217.jpg,15
1218.jpg,15
1219.jpg,15
1220.jpg,15
1221.jpg,15
1222.jpg,15
1223.jpg,15
1224.jpg,15
1225.jpg,15
1226.jpg,15
1227.jpg,15
1228.jpg,15
1229.jpg,15
1230.jpg,15
1231.jpg,15
1232.jpg,15
1233.jpg,15
1234.jpg,15
1235.jpg,15
1236.jpg,15
1237.jpg,15
1238.jpg,15
1239.jpg,15
1240.jpg,15
1241.jpg,15
1242.jpg,15
1243.jpg,15
1244.jpg,15
1245.jpg,15
1246.jpg,15
1247.jpg,15
1248.jpg,15
1249.jpg,15
1250.jpg,15
1251.jpg,15
1252.jpg,15
1253.jpg,15
1254.jpg,15
1255.jpg,15
1256.jpg,15
1257.jpg,15
1258.jpg,15
1259.jpg,15
1260.jpg,15
1261.jpg,15
1262.jpg,15
1263.jpg,15
1264.jpg,15
1265.jpg,15
1266.jpg,15
1267.jpg,15
1268.jpg,15
1269.jpg,15
1270.jpg,15
1271.jpg,15
1272.jpg,15
1273.jpg,15
1274.jpg,15
1275.jpg,15
1276.jpg,15
1277.jpg,15
1278.jpg,15
1279.jpg,15
1280.jpg,15
1281.jpg,15
1282.jpg,15
1283.jpg,15
1284.jpg,15
1285.jpg,15
1286.jpg,15
1287.jpg,15
1288.jpg,15
1289.jpg,15
1290.jpg,15
1291.jpg,15
1292.jpg,15
1294.jpg,16
1295.jpg,16
1296.jpg,16
1297.jpg,16
1298.jpg,16
1299.jpg,16
1300.jpg,16
1301.jpg,16
1302.jpg,16
1303.jpg,16
1304.jpg,16
1305.jpg,16
1306.jpg,16
1307.jpg,16
1308.jpg,16
1309.jpg,16
1310.jpg,16
1311.jpg,16
1312.jpg,16
1313.jpg,16
1314.jpg,16
1315.jpg,16
1316.jpg,16
1317.jpg,16
1318.jpg,16
1319.jpg,16
1320.jpg,16
1321.jpg,16
1322.jpg,16
1323.jpg,16
1324.jpg,16
1325.jpg,16
1326.jpg,16
1327.jpg,16
1328.jpg,16
1329.jpg,16
1330.jpg,16
1331.jpg,16
1332.jpg,16
1333.jpg,16
1334.jpg,16
1335.jpg,16
1336.jpg,16
1337.jpg,16
1338.jpg,16
1339.jpg,16
1340.jpg,16
1341.jpg,16
1342.jpg,16
1343.jpg,16
1344.jpg,16
1345.jpg,16
1346.jpg,16
1347.jpg,16
1348.jpg,16
1349.jpg,16
1350.jpg,16
1351.jpg,16
1352.jpg,16
1353.jpg,16
1354.jpg,16
1355.jpg,16
1356.jpg,16
1357.jpg,16
1358.jpg,16
1359.jpg,16
1360.jpg,16
1361.jpg,16
1362.jpg,16
1363.jpg,16
1364.jpg,16
1365.jpg,16
1366.jpg,16
1367.jpg,16
1369.jpg,17
1370.jpg,17
1371.jpg,17
1372.jpg,17
1373.jpg,17
1374.jpg,17
1375.jpg,17
1376.jpg,17
1377.jpg,17
1378.jpg,17
1379.jpg,17
1380.jpg,17
1381.jpg,17
1382.jpg,17
1383.jpg,17
1384.jpg,17
1385.jpg,17
1386.jpg,17
1387.jpg,17
1388.jpg,17
1389.jpg,17
1390.jpg,17
1391.jpg,17
1392.jpg,17
1393.jpg,17
1394.jpg,17
1395.jpg,17
1396.jpg,17
1397.jpg,17
1398.jpg,17
1399.jpg,17
1400.jpg,17
1401.jpg,17
1402.jpg,17
1403.jpg,17
1404.jpg,17
1405.jpg,17
1406.jpg,17
1407.jpg,17
1408.jpg,17
1409.jpg,17
1410.jpg,17
1411.jpg,17
1412.jpg,17
1413.jpg,17
1414.jpg,17
1415.jpg,17
1416.jpg,17
1417.jpg,17
1418.jpg,17
1419.jpg,17
1420.jpg,17
1421.jpg,17
1422.jpg,17
1423.jpg,17
1424.jpg,17
1425.jpg,17
1426.jpg,17
1427.jpg,17
1428.jpg,17
1429.jpg,17
1430.jpg,17
1431.jpg,17
1432.jpg,17
1433.jpg,17
1434.jpg,17
1435.jpg,17
1436.jpg,17
1437.jpg,17
1438.jpg,17
1439.jpg,17
1440.jpg,17
1441.jpg,17
1442.jpg,17
1443.jpg,17
1444.jpg,17
1445.jpg,17
1446.jpg,17
1447.jpg,17
1448.jpg,17
1449.jpg,17
1450.jpg,17
1451.jpg,17
1452.jpg,17
1453.jpg,17
1454.jpg,17
1455.jpg,17
1456.jpg,17
1457.jpg,17
1458.jpg,17
1459.jpg,17
1460.jpg,17
1461.jpg,17
1462.jpg,17
1463.jpg,17
1464.jpg,17
1465.jpg,17
1466.jpg,17
1467.jpg,17
1468.jpg,17
1469.jpg,17
1470.jpg,17
1471.jpg,17
1472.jpg,17
1473.jpg,17
1474.jpg,17
1475.jpg,17
1476.jpg,17
1477.jpg,17
1478.jpg,17
1479.jpg,17
1480.jpg,17
1482.jpg,18
1483.jpg,18
1484.jpg,18
1485.jpg,18
1486.jpg,18
1487.jpg,18
1488.jpg,18
1489.jpg,18
1490.jpg,18
1491.jpg,18
1492.jpg,18
1493.jpg,18
1494.jpg,18
1495.jpg,18
1496.jpg,18
1497.jpg,18
1498.jpg,18
1499.jpg,18
1500.jpg,18
1501.jpg,18
1502.jpg,18
1503.jpg,18
1504.jpg,18
1505.jpg,18
1506.jpg,18
1507.jpg,18
1508.jpg,18
1509.jpg,18
1510.jpg,18
1511.jpg,18
1512.jpg,18
1513.jpg,18
1514.jpg,18
1515.jpg,18
1516.jpg,18
1517.jpg,18
1518.jpg,18
1519.jpg,18
1520.jpg,18
1521.jpg,18
1522.jpg,18
1523.jpg,18
1524.jpg,18
1525.jpg,18
1526.jpg,18
1527.jpg,18
1528.jpg,18
1529.jpg,18
1530.jpg,18
1531.jpg,18
1532.jpg,18
1533.jpg,18
1534.jpg,18
1535.jpg,18
1536.jpg,18
1537.jpg,18
1538.jpg,18
1539.jpg,18
1540.jpg,18
1541.jpg,18
1542.jpg,18
1543.jpg,18
1544.jpg,18
1545.jpg,18
1546.jpg,18
1547.jpg,18
1548.jpg,18
1549.jpg,18
1550.jpg,18
1551.jpg,18
1552.jpg,18
1553.jpg,18
1555.jpg,19
1556.jpg,19
1557.jpg,19
1558.jpg,19
1559.jpg,19
1560.jpg,19
1561.jpg,19
1562.jpg,19
1563.jpg,19
1564.jpg,19
1565.jpg,19
1566.jpg,19
1567.jpg,19
1568.jpg,19
1569.jpg,19
1570.jpg,19
1571.jpg,19
1572.jpg,19
1573.jpg,19
1574.jpg,19
1575.jpg,19
1576.jpg,19
1577.jpg,19
1578.jpg,19
1579.jpg,19
1580.jpg,19
1581.jpg,19
1582.jpg,19
1583.jpg,19
1584.jpg,19
1585.jpg,19
1586.jpg,19
1587.jpg,19
1588.jpg,19
1589.jpg,19
1590.jpg,19
1591.jpg,19
1592.jpg,19
1593.jpg,19
1594.jpg,19
1595.jpg,19
1596.jpg,19
1597.jpg,19
1598.jpg,19
1599.jpg,19
1600.jpg,19
1601.jpg,19
1602.jpg,19
1603.jpg,19
1604.jpg,19
1605.jpg,19
1606.jpg,19
1607.jpg,19
1608.jpg,19
1609.jpg,19
1610.jpg,19
1611.jpg,19
1612.jpg,19
1613.jpg,19
1614.jpg,19
1615.jpg,19
1616.jpg,19
1617.jpg,19
1618.jpg,19
1620.jpg,20
1621.jpg,20
1622.jpg,20
1623.jpg,20
1624.jpg,20
1625.jpg,20
1626.jpg,20
1627.jpg,20
1628.jpg,20
1629.jpg,20
1630.jpg,20
1631.jpg,20
1632.jpg,20
1633.jpg,20
1634.jpg,20
1635.jpg,20
1636.jpg,20
1637.jpg,20
1638.jpg,20
1639.jpg,20
1640.jpg,20
1641.jpg,20
1642.jpg,20
1643.jpg,20
1644.jpg,20
1645.jpg,20
1646.jpg,20
1647.jpg,20
1648.jpg,20
1649.jpg,20
1650.jpg,20
1651.jpg,20
1652.jpg,20
1653.jpg,20
1654.jpg,20
1655.jpg,20
1656.jpg,20
1657.jpg,20
1658.jpg,20
1659.jpg,20
1660.jpg,20
1661.jpg,20
1662.jpg,20
1663.jpg,20
1664.jpg,20
1665.jpg,20
1666.jpg,20
1667.jpg,20
1668.jpg,20
1669.jpg,20
1670.jpg,20
1671.jpg,20
1672.jpg,20
1673.jpg,20
1674.jpg,20
1675.jpg,20
1676.jpg,20
1677.jpg,20
1678.jpg,20
1679.jpg,20
1680.jpg,20
1681.jpg,20
1682.jpg,20
1683.jpg,20
1684.jpg,20
1685.jpg,20
1686.jpg,20
1687.jpg,20
1688.jpg,20
1689.jpg,20
1690.jpg,20
1691.jpg,20
1692.jpg,20
1693.jpg,20
1694.jpg,20
1695.jpg,20
1696.jpg,20
1697.jpg,20
1698.jpg,20
1699.jpg,20
1701.jpg,21
1702.jpg,21
1703.jpg,21
1704.jpg,21
1705.jpg,21
1706.jpg,21
1707.jpg,21
1708.jpg,21
1709.jpg,21
1710.jpg,21
1711.jpg,21
1712.jpg,21
1713.jpg,21
1714.jpg,21
1715.jpg,21
1716.jpg,21
1717.jpg,21
1718.jpg,21
1719.jpg,21
1720.jpg,21
1721.jpg,21
1722.jpg,21
1723.jpg,21
1724.jpg,21
1725.jpg,21
1726.jpg,21
1727.jpg,21
1728.jpg,21
1729.jpg,21
1730.jpg,21
1731.jpg,21
1732.jpg,21
1733.jpg,21
1734.jpg,21
1735.jpg,21
1736.jpg,21
1737.jpg,21
1738.jpg,21
1739.jpg,21
1740.jpg,21
1741.jpg,21
1742.jpg,21
1743.jpg,21
1744.jpg,21
1745.jpg,21
1746.jpg,21
1747.jpg,21
1748.jpg,21
1749.jpg,21
1750.jpg,21
1751.jpg,21
1752.jpg,21
1753.jpg,21
1754.jpg,21
1755.jpg,21
1756.jpg,21
1757.jpg,21
1758.jpg,21
1759.jpg,21
1761.jpg,22
1762.jpg,22
1763.jpg,22
1764.jpg,22
1765.jpg,22
1766.jpg,22
1767.jpg,22
1768.jpg,22
1769.jpg,22
1770.jpg,22
1771.jpg,22
1772.jpg,22
1773.jpg,22
1774.jpg,22
1775.jpg,22
1776.jpg,22
1777.jpg,22
1778.jpg,22
1779.jpg,22
1780.jpg,22
1781.jpg,22
1782.jpg,22
1783.jpg,22
1784.jpg,22
1785.jpg,22
1786.jpg,22
1787.jpg,22
1788.jpg,22
1789.jpg,22
1790.jpg,22
1791.jpg,22
1792.jpg,22
1793.jpg,22
1794.jpg,22
1795.jpg,22
1796.jpg,22
1797.jpg,22
1798.jpg,22
1799.jpg,22
1800.jpg,22
1801.jpg,22
1802.jpg,22
1803.jpg,22
1804.jpg,22
1805.jpg,22
1806.jpg,22
1807.jpg,22
1808.jpg,22
1809.jpg,22
1810.jpg,22
1811.jpg,22
1812.jpg,22
1813.jpg,22
1814.jpg,22
1815.jpg,22
1816.jpg,22
1817.jpg,22
1818.jpg,22
1819.jpg,22
1820.jpg,22
1821.jpg,22
1822.jpg,22
1823.jpg,22
1824.jpg,22
1825.jpg,22
1826.jpg,22
1827.jpg,22
1828.jpg,22
1829.jpg,22
1830.jpg,22
1831.jpg,22
1832.jpg,22
1833.jpg,22
1834.jpg,22
1835.jpg,22
1836.jpg,22
1837.jpg,22
1838.jpg,22
1839.jpg,22
1840.jpg,22
1841.jpg,22
1842.jpg,22
1843.jpg,22
1844.jpg,22
1845.jpg,22
1846.jpg,22
1847.jpg,22
1848.jpg,22
1849.jpg,22
1850.jpg,22
1851.jpg,22
1852.jpg,22
1853.jpg,22
1854.jpg,22
1855.jpg,22
1856.jpg,22
1857.jpg,22
1858.jpg,22
1859.jpg,22
1860.jpg,22
1861.jpg,22
1862.jpg,22
1863.jpg,22
1864.jpg,22
1866.jpg,23
1867.jpg,23
1868.jpg,23
1869.jpg,23
1870.jpg,23
1871.jpg,23
1872.jpg,23
1873.jpg,23
1874.jpg,23
1875.jpg,23
1876.jpg,23
1877.jpg,23
1878.jpg,23
1879.jpg,23
1880.jpg,23
1881.jpg,23
1882.jpg,23
1883.jpg,23
1884.jpg,23
1885.jpg,23
1886.jpg,23
1887.jpg,23
1888.jpg,23
1889.jpg,23
1890.jpg,23
1891.jpg,23
1892.jpg,23
1893.jpg,23
1894.jpg,23
1895.jpg,23
1896.jpg,23
1897.jpg,23
1898.jpg,23
1899.jpg,23
1900.jpg,23
1901.jpg,23
1902.jpg,23
1903.jpg,23
1904.jpg,23
1905.jpg,23
1906.jpg,23
1907.jpg,23
1908.jpg,23
1909.jpg,23
1910.jpg,23
1911.jpg,23
1912.jpg,23
1913.jpg,23
1914.jpg,23
1915.jpg,23
1916.jpg,23
1917.jpg,23
1918.jpg,23
1919.jpg,23
1920.jpg,23
1921.jpg,23
1922.jpg,23
1923.jpg,23
1924.jpg,23
1925.jpg,23
1926.jpg,23
1927.jpg,23
1928.jpg,23
1929.jpg,23
1930.jpg,23
1931.jpg,23
1932.jpg,23
1933.jpg,23
1934.jpg,23
1935.jpg,23
1936.jpg,23
1937.jpg,23
1938.jpg,23
1939.jpg,23
1940.jpg,23
1941.jpg,23
1942.jpg,23
1943.jpg,23
1944.jpg,23
1945.jpg,23
1946.jpg,23
1947.jpg,23
1948.jpg,23
1949.jpg,23
1950.jpg,23
1951.jpg,23
1952.jpg,23
1953.jpg,23
1954.jpg,23
1955.jpg,23
1956.jpg,23
1958.jpg,24
1959.jpg,24
1960.jpg,24
1961.jpg,24
1962.jpg,24
1963.jpg,24
1964.jpg,24
1965.jpg,24
1966.jpg,24
1967.jpg,24
1968.jpg,24
1969.jpg,24
1970.jpg,24
1971.jpg,24
1972.jpg,24
1973.jpg,24
1974.jpg,24
1975.jpg,24
1976.jpg,24
1977.jpg,24
1978.jpg,24
1979.jpg,24
1980.jpg,24
1981.jpg,24
1982.jpg,24
1983.jpg,24
1984.jpg,24
1985.jpg,24
1986.jpg,24
1987.jpg,24
1988.jpg,24
1989.jpg,24
1990.jpg,24
1991.jpg,24
1992.jpg,24
1993.jpg,24
1994.jpg,24
1995.jpg,24
1996.jpg,24
1997.jpg,24
1998.jpg,24
1999.jpg,24
2000.jpg,24
2001.jpg,24
2002.jpg,24
2003.jpg,24
2004.jpg,24
2005.jpg,24
2006.jpg,24
2007.jpg,24
2008.jpg,24
2009.jpg,24
2010.jpg,24
2011.jpg,24
2012.jpg,24
2013.jpg,24
2014.jpg,24
2015.jpg,24
2016.jpg,24
2017.jpg,24
2018.jpg,24
2019.jpg,24
2020.jpg,24
2021.jpg,24
2022.jpg,24
2023.jpg,24
2024.jpg,24
2025.jpg,24
2026.jpg,24
2027.jpg,24
2028.jpg,24
2029.jpg,24
2030.jpg,24
2031.jpg,24
2032.jpg,24
2033.jpg,24
2034.jpg,24
2035.jpg,24
2036.jpg,24
2037.jpg,24
2038.jpg,24
2039.jpg,24
2041.jpg,25
2042.jpg,25
2043.jpg,25
2044.jpg,25
2045.jpg,25
2046.jpg,25
2047.jpg,25
2048.jpg,25
2049.jpg,25
2050.jpg,25
2051.jpg,25
2052.jpg,25
2053.jpg,25
2054.jpg,25
2055.jpg,25
2056.jpg,25
2057.jpg,25
2058.jpg,25
2059.jpg,25
2060.jpg,25
2061.jpg,25
2062.jpg,25
2063.jpg,25
2064.jpg,25
2065.jpg,25
2066.jpg,25
2067.jpg,25
2068.jpg,25
2069.jpg,25
2070.jpg,25
2071.jpg,25
2072.jpg,25
2073.jpg,25
2074.jpg,25
2075.jpg,25
2076.jpg,25
2077.jpg,25
2078.jpg,25
2079.jpg,25
2080.jpg,25
2081.jpg,25
2082.jpg,25
2083.jpg,25
2084.jpg,25
2085.jpg,25
2086.jpg,25
2087.jpg,25
2088.jpg,25
2089.jpg,25
2090.jpg,25
2091.jpg,25
2092.jpg,25
2093.jpg,25
2094.jpg,25
2095.jpg,25
2096.jpg,25
2097.jpg,25
2098.jpg,25
2099.jpg,25
2100.jpg,25
2101.jpg,25
2102.jpg,25
2103.jpg,25
2104.jpg,25
2105.jpg,25
2106.jpg,25
2107.jpg,25
2108.jpg,25
2109.jpg,25
2110.jpg,25
2111.jpg,25
2112.jpg,25
2113.jpg,25
2114.jpg,25
2115.jpg,25
2116.jpg,25
2117.jpg,25
2118.jpg,25
2119.jpg,25
2120.jpg,25
2121.jpg,25
2122.jpg,25
2123.jpg,25
2124.jpg,25
2125.jpg,25
2126.jpg,25
2127.jpg,25
2128.jpg,25
2129.jpg,25
2130.jpg,25
2131.jpg,25
2132.jpg,25
2133.jpg,25
2134.jpg,25
2135.jpg,25
2137.jpg,26
2138.jpg,26
2139.jpg,26
2140.jpg,26
2141.jpg,26
2142.jpg,26
2143.jpg,26
2144.jpg,26
2145.jpg,26
2146.jpg,26
2147.jpg,26
2148.jpg,26
2149.jpg,26
2150.jpg,26
2151.jpg,26
2152.jpg,26
2153.jpg,26
2154.jpg,26
2155.jpg,26
2156.jpg,26
2157.jpg,26
2158.jpg,26
2159.jpg,26
2160.jpg,26
2161.jpg,26
2162.jpg,26
2163.jpg,26
2164.jpg,26
2165.jpg,26
2166.jpg,26
2167.jpg,26
2168.jpg,26
2169.jpg,26
2170.jpg,26
2171.jpg,26
2172.jpg,26
2173.jpg,26
2174.jpg,26
2175.jpg,26
2176.jpg,26
2177.jpg,26
2178.jpg,26
2179.jpg,26
2180.jpg,26
2181.jpg,26
2182.jpg,26
2183.jpg,26
2184.jpg,26
2185.jpg,26
2186.jpg,26
2187.jpg,26
2188.jpg,26
2189.jpg,26
2190.jpg,26
2191.jpg,26
2192.jpg,26
2193.jpg,26
2194.jpg,26
2195.jpg,26
2196.jpg,26
2197.jpg,26
2198.jpg,26
2199.jpg,26
2200.jpg,26
2201.jpg,26
2202.jpg,26
2203.jpg,26
2204.jpg,26
2205.jpg,26
2206.jpg,26
2207.jpg,26
2208.jpg,26
2209.jpg,26
2210.jpg,26
2211.jpg,26
2212.jpg,26
2213.jpg,26
2214.jpg,26
2215.jpg,26
2216.jpg,26
2217.jpg,26
2218.jpg,26
2219.jpg,26
2220.jpg,26
2221.jpg,26
2222.jpg,26
2224.jpg,27
2225.jpg,27
2226.jpg,27
2227.jpg,27
2228.jpg,27
2229.jpg,27
2230.jpg,27
2231.jpg,27
2232.jpg,27
2233.jpg,27
2234.jpg,27
2235.jpg,27
2236.jpg,27
2237.jpg,27
2238.jpg,27
2239.jpg,27
2240.jpg,27
2241.jpg,27
2242.jpg,27
2243.jpg,27
2244.jpg,27
2245.jpg,27
2246.jpg,27
2247.jpg,27
2248.jpg,27
2249.jpg,27
2250.jpg,27
2251.jpg,27
2252.jpg,27
2253.jpg,27
2254.jpg,27
2255.jpg,27
2256.jpg,27
2257.jpg,27
2258.jpg,27
2259.jpg,27
2260.jpg,27
2261.jpg,27
2262.jpg,27
2263.jpg,27
2264.jpg,27
2265.jpg,27
2266.jpg,27
2267.jpg,27
2268.jpg,27
2269.jpg,27
2270.jpg,27
2271.jpg,27
2272.jpg,27
2273.jpg,27
2274.jpg,27
2276.jpg,28
2277.jpg,28
2278.jpg,28
2279.jpg,28
2280.jpg,28
2281.jpg,28
2282.jpg,28
2283.jpg,28
2284.jpg,28
2285.jpg,28
2286.jpg,28
2287.jpg,28
2288.jpg,28
2289.jpg,28
2290.jpg,28
2291.jpg,28
2292.jpg,28
2293.jpg,28
2294.jpg,28
2295.jpg,28
2296.jpg,28
2297.jpg,28
2298.jpg,28
2299.jpg,28
2300.jpg,28
2301.jpg,28
2302.jpg,28
2303.jpg,28
2304.jpg,28
2305.jpg,28
2306.jpg,28
2307.jpg,28
2308.jpg,28
2309.jpg,28
2310.jpg,28
2311.jpg,28
2312.jpg,28
2313.jpg,28
2314.jpg,28
2315.jpg,28
2316.jpg,28
2317.jpg,28
2318.jpg,28
2319.jpg,28
2320.jpg,28
2321.jpg,28
2322.jpg,28
2323.jpg,28
2324.jpg,28
2325.jpg,28
2326.jpg,28
2327.jpg,28
2328.jpg,28
2329.jpg,28
2330.jpg,28
2331.jpg,28
2332.jpg,28
2333.jpg,28
2334.jpg,28
2335.jpg,28
2336.jpg,28
2337.jpg,28
2338.jpg,28
2339.jpg,28
2340.jpg,28
2341.jpg,28
2342.jpg,28
2343.jpg,28
2344.jpg,28
2345.jpg,28
2346.jpg,28
2347.jpg,28
2348.jpg,28
2349.jpg,28
2350.jpg,28
2351.jpg,28
2352.jpg,28
2353.jpg,28
2355.jpg,29
2356.jpg,29
2357.jpg,29
2358.jpg,29
2359.jpg,29
2360.jpg,29
2361.jpg,29
2362.jpg,29
2363.jpg,29
2364.jpg,29
2365.jpg,29
2366.jpg,29
2367.jpg,29
2368.jpg,29
2369.jpg,29
2370.jpg,29
2371.jpg,29
2372.jpg,29
2373.jpg,29
2374.jpg,29
2375.jpg,29
2376.jpg,29
2377.jpg,29
2378.jpg,29
2379.jpg,29
2380.jpg,29
2381.jpg,29
2382.jpg,29
2383.jpg,29
2384.jpg,29
2385.jpg,29
2386.jpg,29
2387.jpg,29
2388.jpg,29
2389.jpg,29
2390.jpg,29
2391.jpg,29
2392.jpg,29
2393.jpg,29
2394.jpg,29
2395.jpg,29
2396.jpg,29
2397.jpg,29
2398.jpg,29
2399.jpg,29
2400.jpg,29
2401.jpg,29
2402.jpg,29
2403.jpg,29
